lat,lon,useful_crop_percentage,useless_non_crop_percentage
47.93487935325868,-96.76444348595372,95.08,4.92
36.43487935325868,-120.26444348595372,94.07,5.93
35.93487935325868,-90.26444348595372,93.22,6.78
38.43487935325868,-100.76444348595372,92.65,7.35
40.93487935325868,-88.26444348595373,92.45,7.55
36.43487935325868,-119.76444348595372,91.96,8.04
38.93487935325868,-121.76444348595372,91.94,8.06
43.43487935325868,-94.26444348595372,91.93,8.07
36.43487935325868,-89.76444348595373,91.68,8.32
42.43487935325868,-97.26444348595372,91.26,8.74
39.43487935325868,-121.76444348595372,91.1,8.9
35.93487935325868,-119.76444348595372,91.04,8.96
44.43487935325868,-94.26444348595372,90.94,9.06
40.93487935325868,-97.76444348595372,90.61,9.39
48.43487935325868,-96.76444348595372,90.47,9.53
40.43487935325868,-89.26444348595373,90.22,9.78
40.43487935325868,-87.76444348595373,90.04,9.96
45.93487935325868,-96.26444348595372,89.84,10.16
46.93487935325868,-97.26444348595372,89.8,10.2
47.43487935325868,-97.26444348595372,89.68,10.32
39.93487935325868,-89.26444348595373,89.65,10.35
40.43487935325868,-88.26444348595373,89.49,10.51
37.43487935325868,-100.76444348595372,89.45,10.55
41.93487935325868,-97.76444348595372,89.37,10.63
42.93487935325868,-96.26444348595372,89.32,10.68
39.93487935325868,-88.26444348595373,89.14,10.86
47.43487935325868,-96.76444348595372,89.13,10.87
42.43487935325868,-95.26444348595372,89.05,10.95
42.93487935325868,-94.76444348595372,89.01,10.99
33.43487935325868,-101.76444348595372,88.75,11.25
36.93487935325868,-89.76444348595373,88.6,11.4
40.43487935325868,-85.76444348595373,88.43,11.57
40.93487935325868,-97.26444348595372,88.38,11.62
40.93487935325868,-84.76444348595373,88.3,11.7
40.93487935325868,-101.76444348595372,88.28,11.72
44.43487935325868,-95.26444348595372,88.26,11.74
42.93487935325868,-93.76444348595372,88.2,11.8
44.93487935325868,-95.26444348595372,88.1,11.9
40.43487935325868,-97.76444348595372,87.86,12.14
41.43487935325868,-89.26444348595373,87.84,12.16
42.93487935325868,-95.76444348595372,87.36,12.64
42.43487935325868,-92.76444348595372,87.12,12.88
43.43487935325868,-83.76444348595373,86.96,13.04
39.93487935325868,-87.76444348595373,86.9,13.1
34.43487935325868,-102.26444348595372,86.89,13.11
42.43487935325868,-94.76444348595372,86.64,13.36
40.43487935325868,-99.26444348595372,86.56,13.44
38.43487935325868,-102.26444348595372,86.44,13.56
38.43487935325868,-98.26444348595372,86.35,13.65
39.93487935325868,-104.26444348595372,86.28,13.72
44.93487935325868,-94.76444348595372,86.27,13.73
38.43487935325868,-121.76444348595372,86.21,13.79
33.43487935325868,-90.76444348595372,86.2,13.8
26.43487935325868,-97.76444348595372,85.89,14.11
48.93487935325868,-100.76444348595372,85.56,14.44
43.43487935325868,-95.76444348595372,85.44,14.56
46.43487935325868,-96.76444348595372,85.33,14.67
43.43487935325868,-96.26444348595372,85.29,14.71
42.93487935325868,-96.76444348595372,85.28,14.72
40.93487935325868,-87.76444348595373,85.18,14.82
31.43487935325868,-100.26444348595372,85.15,14.85
43.43487935325868,-93.76444348595372,85.05,14.95
33.43487935325868,-102.26444348595372,84.98,15.02
43.93487935325868,-94.76444348595372,84.93,15.07
48.43487935325868,-97.26444348595372,84.76,15.24
43.43487935325868,-92.76444348595372,84.66,15.34
48.93487935325868,-98.76444348595372,84.61,15.39
40.93487935325868,-88.76444348595373,84.44,15.56
35.43487935325868,-91.26444348595372,84.42,15.58
35.43487935325868,-119.26444348595372,84.4,15.6
35.43487935325868,-90.26444348595372,84.33,15.67
48.43487935325868,-98.76444348595372,84.1,15.9
40.43487935325868,-88.76444348595373,84.05,15.95
45.43487935325868,-95.76444348595372,84.03,15.97
33.93487935325868,-90.76444348595372,83.98,16.02
46.93487935325868,-117.26444348595372,83.7,16.3
35.93487935325868,-119.26444348595372,83.58,16.42
43.93487935325868,-93.76444348595372,83.52,16.48
40.93487935325868,-86.26444348595373,83.35,16.65
48.93487935325868,-97.26444348595372,83.33,16.67
48.43487935325868,-103.26444348595372,83.33,16.67
45.93487935325868,-96.76444348595372,83.33,16.67
40.43487935325868,-95.26444348595372,83.02,16.98
43.93487935325868,-94.26444348595372,82.99,17.01
48.43487935325868,-110.26444348595372,82.99,17.01
47.43487935325868,-97.76444348595372,82.92,17.08
48.93487935325868,-101.76444348595372,82.85,17.15
42.43487935325868,-96.76444348595372,82.67,17.33
41.43487935325868,-89.76444348595373,82.63,17.37
34.43487935325868,-102.76444348595372,82.63,17.37
42.43487935325868,-97.76444348595372,82.38,17.62
40.93487935325868,-84.26444348595373,82.23,17.77
40.43487935325868,-96.76444348595372,82.17,17.83
48.93487935325868,-104.76444348595372,82.1,17.9
43.93487935325868,-95.76444348595372,81.92,18.08
39.43487935325868,-101.26444348595372,81.71,18.29
48.93487935325868,-97.76444348595372,81.71,18.29
36.43487935325868,-100.76444348595372,81.65,18.35
42.93487935325868,-93.26444348595372,81.59,18.41
41.43487935325868,-95.26444348595372,81.59,18.41
42.93487935325868,-94.26444348595372,81.59,18.41
42.43487935325868,-113.76444348595372,81.35,18.65
40.93487935325868,-83.76444348595373,81.32,18.68
39.43487935325868,-89.26444348595373,81.17,18.83
41.93487935325868,-89.76444348595373,81.16,18.84
41.93487935325868,-96.76444348595372,81.14,18.86
47.43487935325868,-118.26444348595372,80.92,19.08
35.93487935325868,-102.26444348595372,80.73,19.27
41.43487935325868,-84.26444348595373,80.42,19.58
46.93487935325868,-97.76444348595372,80.41,19.59
34.43487935325868,-90.76444348595372,80.34,19.66
43.93487935325868,-92.76444348595372,80.2,19.8
48.93487935325868,-103.26444348595372,80.17,19.83
40.93487935325868,-86.76444348595373,79.85,20.15
44.93487935325868,-98.26444348595372,79.81,20.19
38.43487935325868,-101.76444348595372,79.78,20.22
39.93487935325868,-86.76444348595373,79.71,20.29
40.93487935325868,-89.26444348595373,79.7,20.3
41.43487935325868,-86.76444348595373,79.54,20.46
36.43487935325868,-119.26444348595372,79.49,20.51
40.43487935325868,-84.76444348595373,79.24,20.76
43.43487935325868,-97.26444348595372,79.23,20.77
36.93487935325868,-89.26444348595373,79.17,20.83
37.43487935325868,-101.76444348595372,79.14,20.86
40.43487935325868,-102.76444348595372,79.13,20.87
40.93487935325868,-87.26444348595373,79.09,20.91
45.43487935325868,-98.26444348595372,78.96,21.04
39.93487935325868,-97.76444348595372,78.93,21.07
43.93487935325868,-96.26444348595372,78.86,21.14
41.43487935325868,-96.26444348595372,78.75,21.25
40.93487935325868,-89.76444348595373,78.72,21.28
32.43487935325868,-101.76444348595372,78.7,21.3
37.93487935325868,-97.76444348595372,78.31,21.69
42.43487935325868,-88.76444348595373,78.24,21.76
37.43487935325868,-120.76444348595372,78.21,21.79
38.43487935325868,-89.26444348595373,78.14,21.86
41.93487935325868,-93.76444348595372,77.98,22.02
40.43487935325868,-83.26444348595373,77.9,22.1
34.43487935325868,-91.76444348595372,77.85,22.15
41.93487935325868,-95.26444348595372,77.84,22.16
42.93487935325868,-84.76444348595373,77.8,22.2
43.43487935325868,-94.76444348595372,77.8,22.2
40.93487935325868,-85.76444348595373,77.51,22.49
39.43487935325868,-100.76444348595372,77.5,22.5
39.43487935325868,-101.76444348595372,77.4,22.6
41.93487935325868,-83.76444348595373,77.33,22.67
44.93487935325868,-100.26444348595372,77.24,22.76
41.93487935325868,-94.76444348595372,77.23,22.77
42.93487935325868,-92.76444348595372,77.17,22.83
43.93487935325868,-96.76444348595372,77.13,22.87
43.43487935325868,-82.76444348595373,77.07,22.93
39.43487935325868,-89.76444348595373,77.02,22.98
36.93487935325868,-120.26444348595372,76.96,23.04
41.93487935325868,-91.26444348595372,76.84,23.16
40.43487935325868,-84.26444348595373,76.74,23.26
33.43487935325868,-99.76444348595372,76.67,23.33
48.93487935325868,-102.26444348595372,76.51,23.49
46.43487935325868,-102.76444348595372,76.46,23.54
41.43487935325868,-92.76444348595372,76.44,23.56
41.43487935325868,-96.76444348595372,76.43,23.57
43.93487935325868,-95.26444348595372,76.4,23.6
42.43487935325868,-94.26444348595372,76.37,23.63
48.93487935325868,-98.26444348595372,76.34,23.66
44.43487935325868,-95.76444348595372,76.16,23.84
39.43487935325868,-85.76444348595373,76.1,23.9
42.43487935325868,-93.76444348595372,75.97,24.03
40.43487935325868,-85.26444348595373,75.81,24.19
40.43487935325868,-89.76444348595373,75.76,24.24
41.93487935325868,-92.76444348595372,75.74,24.26
40.93487935325868,-82.76444348595373,75.68,24.32
46.93487935325868,-118.76444348595372,75.67,24.33
48.93487935325868,-111.76444348595372,75.64,24.36
44.43487935325868,-94.76444348595372,75.58,24.42
32.93487935325868,-101.76444348595372,75.57,24.43
39.43487935325868,-103.26444348595372,75.55,24.45
41.93487935325868,-94.26444348595372,75.45,24.55
37.93487935325868,-100.26444348595372,75.43,24.57
43.93487935325868,-93.26444348595372,75.4,24.6
41.93487935325868,-90.76444348595372,75.35,24.65
40.43487935325868,-98.76444348595372,75.32,24.68
40.43487935325868,-87.26444348595373,75.31,24.69
46.93487935325868,-109.76444348595372,75.28,24.72
44.43487935325868,-96.76444348595372,75.25,24.75
41.93487935325868,-96.26444348595372,75.05,24.95
40.93487935325868,-96.26444348595372,75.03,24.97
46.43487935325868,-118.26444348595372,75.01,24.99
47.43487935325868,-117.26444348595372,75.0,25.0
42.43487935325868,-93.26444348595372,74.97,25.03
39.43487935325868,-98.26444348595372,74.86,25.14
45.43487935325868,-96.26444348595372,74.84,25.16
44.43487935325868,-97.26444348595372,74.69,25.31
40.93487935325868,-95.26444348595372,74.68,25.32
38.93487935325868,-88.76444348595373,74.63,25.37
30.43487935325868,-92.76444348595372,74.53,25.47
42.93487935325868,-97.26444348595372,74.45,25.55
48.43487935325868,-101.26444348595372,74.41,25.59
37.43487935325868,-97.76444348595372,74.32,25.68
46.43487935325868,-98.76444348595372,74.22,25.78
48.43487935325868,-101.76444348595372,74.08,25.92
47.93487935325868,-96.26444348595372,74.03,25.97
41.93487935325868,-93.26444348595372,73.93,26.07
39.93487935325868,-88.76444348595373,73.71,26.29
42.43487935325868,-91.76444348595372,73.62,26.38
47.93487935325868,-111.76444348595372,73.39,26.61
47.43487935325868,-99.26444348595372,73.13,26.87
40.93487935325868,-90.76444348595372,73.1,26.9
33.93487935325868,-90.26444348595372,73.1,26.9
47.93487935325868,-111.26444348595372,73.09,26.91
46.43487935325868,-100.26444348595372,72.97,27.03
40.43487935325868,-91.26444348595372,72.92,27.08
47.93487935325868,-97.76444348595372,72.71,27.29
45.93487935325868,-118.76444348595372,72.49,27.51
40.93487935325868,-83.26444348595373,72.43,27.57
43.43487935325868,-92.26444348595372,72.37,27.63
41.93487935325868,-88.76444348595373,72.22,27.78
43.43487935325868,-98.26444348595372,72.14,27.86
42.93487935325868,-92.26444348595372,71.93,28.07
48.43487935325868,-99.26444348595372,71.73,28.27
39.43487935325868,-83.76444348595373,71.72,28.28
38.43487935325868,-101.26444348595372,71.71,28.29
41.43487935325868,-83.26444348595373,71.71,28.29
48.93487935325868,-105.26444348595372,71.63,28.37
32.43487935325868,-91.26444348595372,71.56,28.44
43.93487935325868,-82.76444348595373,71.39,28.61
48.43487935325868,-97.76444348595372,71.32,28.68
34.43487935325868,-90.26444348595372,71.18,28.82
37.93487935325868,-99.26444348595372,71.13,28.87
37.43487935325868,-87.26444348595373,71.13,28.87
44.43487935325868,-93.76444348595372,71.13,28.87
47.93487935325868,-95.76444348595372,71.03,28.97
40.43487935325868,-86.26444348595373,71.03,28.97
41.43487935325868,-94.26444348595372,70.85,29.15
48.93487935325868,-112.26444348595372,70.84,29.16
41.93487935325868,-95.76444348595372,70.53,29.47
41.43487935325868,-83.76444348595373,70.37,29.63
48.43487935325868,-103.76444348595372,70.32,29.68
48.93487935325868,-105.76444348595372,70.31,29.69
43.43487935325868,-93.26444348595372,70.3,29.7
46.93487935325868,-117.76444348595372,70.23,29.77
43.93487935325868,-111.26444348595372,70.22,29.78
39.93487935325868,-95.26444348595372,70.07,29.93
43.93487935325868,-97.26444348595372,70.05,29.95
37.43487935325868,-100.26444348595372,70.04,29.96
47.43487935325868,-96.26444348595372,70.01,29.99
44.93487935325868,-95.76444348595372,69.95,30.05
42.43487935325868,-95.76444348595372,69.92,30.08
47.43487935325868,-101.26444348595372,69.89,30.11
46.93487935325868,-119.76444348595372,69.75,30.25
36.93487935325868,-97.26444348595372,69.59,30.41
46.43487935325868,-96.26444348595372,69.49,30.51
40.43487935325868,-97.26444348595372,69.39,30.61
35.93487935325868,-89.26444348595373,69.32,30.68
43.93487935325868,-83.26444348595373,69.13,30.87
48.43487935325868,-110.76444348595372,69.12,30.88
41.43487935325868,-88.76444348595373,69.02,30.98
45.93487935325868,-97.26444348595372,68.96,31.04
48.93487935325868,-101.26444348595372,68.93,31.07
40.43487935325868,-95.76444348595372,68.8,31.2
42.93487935325868,-95.26444348595372,68.22,31.78
37.93487935325868,-98.76444348595372,68.21,31.79
44.93487935325868,-90.26444348595372,68.19,31.81
44.93487935325868,-96.26444348595372,68.18,31.82
41.43487935325868,-90.26444348595372,68.17,31.83
41.43487935325868,-95.76444348595372,67.98,32.02
48.43487935325868,-104.76444348595372,67.98,32.02
36.93487935325868,-100.76444348595372,67.91,32.09
47.43487935325868,-99.76444348595372,67.91,32.09
47.93487935325868,-101.76444348595372,67.79,32.21
40.43487935325868,-98.26444348595372,67.71,32.29
46.93487935325868,-96.26444348595372,67.65,32.35
39.93487935325868,-95.76444348595372,67.6,32.4
45.93487935325868,-97.76444348595372,67.46,32.54
35.93487935325868,-101.76444348595372,67.43,32.57
44.93487935325868,-94.26444348595372,67.16,32.84
39.93487935325868,-84.76444348595373,67.1,32.9
43.43487935325868,-95.26444348595372,66.86,33.14
39.93487935325868,-96.76444348595372,66.69,33.31
39.43487935325868,-97.26444348595372,66.55,33.45
36.93487935325868,-97.76444348595372,66.46,33.54
33.93487935325868,-101.26444348595372,66.44,33.56
43.93487935325868,-87.76444348595373,66.35,33.65
48.43487935325868,-98.26444348595372,66.34,33.66
44.43487935325868,-97.76444348595372,66.27,33.73
32.93487935325868,-102.26444348595372,66.21,33.79
40.93487935325868,-98.76444348595372,66.15,33.85
39.93487935325868,-99.76444348595372,66.09,33.91
39.93487935325868,-101.26444348595372,65.99,34.01
45.43487935325868,-97.76444348595372,65.98,34.02
35.93487935325868,-89.76444348595373,65.94,34.06
41.43487935325868,-84.76444348595373,65.9,34.1
44.43487935325868,-96.26444348595372,65.89,34.11
37.93487935325868,-97.26444348595372,65.84,34.16
36.93487935325868,-101.26444348595372,65.83,34.17
45.43487935325868,-96.76444348595372,65.81,34.19
46.43487935325868,-102.26444348595372,65.67,34.33
39.93487935325868,-103.26444348595372,65.58,34.42
43.93487935325868,-98.26444348595372,65.53,34.47
45.43487935325868,-94.76444348595372,65.52,34.48
39.93487935325868,-85.26444348595373,65.52,34.48
44.43487935325868,-92.76444348595372,65.47,34.53
41.43487935325868,-91.76444348595372,65.31,34.69
48.93487935325868,-102.76444348595372,65.2,34.8
46.43487935325868,-97.76444348595372,65.15,34.85
42.93487935325868,-97.76444348595372,64.81,35.19
43.43487935325868,-97.76444348595372,64.73,35.27
41.43487935325868,-92.26444348595372,64.72,35.28
47.93487935325868,-99.76444348595372,64.68,35.32
43.43487935325868,-84.26444348595373,64.66,35.34
42.43487935325868,-96.26444348595372,64.59,35.41
33.93487935325868,-102.26444348595372,64.51,35.49
36.43487935325868,-97.76444348595372,64.34,35.66
33.43487935325868,-90.26444348595372,64.18,35.82
42.43487935325868,-91.26444348595372,64.16,35.84
43.43487935325868,-98.76444348595372,64.15,35.85
39.93487935325868,-85.76444348595373,64.1,35.9
48.93487935325868,-106.26444348595372,64.09,35.91
29.93487935325868,-92.26444348595372,64.07,35.93
48.43487935325868,-105.76444348595372,63.63,36.37
44.43487935325868,-87.76444348595373,63.62,36.38
40.93487935325868,-85.26444348595373,63.6,36.4
41.93487935325868,-90.26444348595372,63.57,36.43
32.93487935325868,-91.26444348595372,63.5,36.5
47.93487935325868,-100.26444348595372,63.36,36.64
38.93487935325868,-89.76444348595373,63.33,36.67
41.93487935325868,-89.26444348595373,63.24,36.76
41.93487935325868,-85.26444348595373,63.23,36.77
48.43487935325868,-112.26444348595372,63.17,36.83
42.43487935325868,-89.76444348595373,63.14,36.86
34.93487935325868,-102.26444348595372,63.1,36.9
43.43487935325868,-96.76444348595372,63.06,36.94
41.43487935325868,-86.26444348595373,63.04,36.96
39.93487935325868,-103.76444348595372,63.0,37.0
39.43487935325868,-100.26444348595372,63.0,37.0
44.93487935325868,-90.76444348595372,62.86,37.14
32.43487935325868,-91.76444348595372,62.86,37.14
47.93487935325868,-101.26444348595372,62.84,37.16
44.43487935325868,-88.26444348595373,62.84,37.16
46.43487935325868,-99.76444348595372,62.84,37.16
38.43487935325868,-87.76444348595373,62.64,37.36
45.93487935325868,-99.76444348595372,62.57,37.43
41.43487935325868,-97.26444348595372,62.51,37.49
48.93487935325868,-110.76444348595372,62.36,37.64
46.93487935325868,-101.26444348595372,62.3,37.7
39.43487935325868,-83.26444348595373,62.01,37.99
39.93487935325868,-96.26444348595372,61.99,38.01
41.43487935325868,-94.76444348595372,61.84,38.16
48.93487935325868,-110.26444348595372,61.67,38.33
44.43487935325868,-100.26444348595372,61.6,38.4
38.43487935325868,-89.76444348595373,61.59,38.41
45.43487935325868,-119.76444348595372,61.59,38.41
46.93487935325868,-98.26444348595372,61.51,38.49
34.43487935325868,-103.26444348595372,61.47,38.53
43.93487935325868,-111.76444348595372,61.42,38.58
37.43487935325868,-97.26444348595372,61.38,38.62
41.93487935325868,-103.76444348595372,61.22,38.78
47.93487935325868,-99.26444348595372,61.2,38.8
48.93487935325868,-99.26444348595372,61.12,38.88
36.43487935325868,-98.26444348595372,61.1,38.9
39.93487935325868,-90.26444348595372,60.85,39.15
46.43487935325868,-101.76444348595372,60.8,39.2
29.43487935325868,-96.26444348595372,60.74,39.26
45.43487935325868,-99.26444348595372,60.6,39.4
46.93487935325868,-96.76444348595372,60.38,39.62
46.43487935325868,-98.26444348595372,60.32,39.68
43.43487935325868,-84.76444348595373,60.22,39.78
44.43487935325868,-100.76444348595372,60.21,39.79
43.43487935325868,-88.76444348595373,60.17,39.83
38.93487935325868,-97.26444348595372,60.16,39.84
38.43487935325868,-97.76444348595372,60.16,39.84
45.93487935325868,-95.76444348595372,60.09,39.91
38.43487935325868,-99.76444348595372,60.02,39.98
34.43487935325868,-101.76444348595372,59.95,40.05
35.43487935325868,-98.76444348595372,59.94,40.06
44.93487935325868,-99.76444348595372,59.93,40.07
42.43487935325868,-114.26444348595372,59.82,40.18
38.93487935325868,-88.26444348595373,59.48,40.52
38.93487935325868,-102.26444348595372,59.38,40.62
45.93487935325868,-119.76444348595372,59.29,40.71
41.43487935325868,-97.76444348595372,59.22,40.78
46.93487935325868,-98.76444348595372,59.22,40.78
30.93487935325868,-84.76444348595373,58.96,41.04
39.43487935325868,-95.26444348595372,58.88,41.12
39.93487935325868,-92.26444348595372,58.75,41.25
35.93487935325868,-97.76444348595372,58.61,41.39
37.93487935325868,-88.26444348595373,58.59,41.41
39.43487935325868,-88.76444348595373,58.5,41.5
37.43487935325868,-101.26444348595372,58.5,41.5
43.43487935325868,-99.76444348595372,58.4,41.6
39.93487935325868,-83.26444348595373,58.34,41.66
39.43487935325868,-92.76444348595372,58.34,41.66
33.43487935325868,-91.26444348595372,58.31,41.69
35.93487935325868,-98.26444348595372,58.3,41.7
40.93487935325868,-91.26444348595372,58.07,41.93
38.43487935325868,-88.26444348595373,57.97,42.03
32.43487935325868,-100.76444348595372,57.93,42.07
39.93487935325868,-100.26444348595372,57.87,42.13
31.43487935325868,-91.76444348595372,57.79,42.21
38.93487935325868,-89.26444348595373,57.79,42.21
37.93487935325868,-87.76444348595373,57.57,42.43
41.43487935325868,-85.76444348595373,57.57,42.43
44.93487935325868,-97.76444348595372,57.37,42.63
41.93487935325868,-97.26444348595372,57.36,42.64
35.43487935325868,-90.76444348595372,57.35,42.65
30.43487935325868,-92.26444348595372,57.27,42.73
36.93487935325868,-120.76444348595372,57.12,42.88
47.43487935325868,-98.76444348595372,57.04,42.96
36.93487935325868,-101.76444348595372,57.03,42.97
44.43487935325868,-99.76444348595372,56.91,43.09
47.43487935325868,-98.26444348595372,56.78,43.22
27.93487935325868,-97.26444348595372,56.75,43.25
39.93487935325868,-102.26444348595372,56.63,43.37
42.43487935325868,-89.26444348595373,56.61,43.39
41.93487935325868,-92.26444348595372,56.6,43.4
40.93487935325868,-98.26444348595372,56.44,43.56
46.93487935325868,-106.26444348595372,56.31,43.69
44.43487935325868,-98.76444348595372,56.31,43.69
45.43487935325868,-120.76444348595372,56.28,43.72
32.93487935325868,-99.76444348595372,56.2,43.8
39.43487935325868,-90.26444348595372,56.07,43.93
33.93487935325868,-101.76444348595372,55.97,44.03
30.93487935325868,-91.76444348595372,55.89,44.11
48.43487935325868,-99.76444348595372,55.87,44.13
47.93487935325868,-98.26444348595372,55.79,44.21
42.43487935325868,-84.76444348595373,55.78,44.22
39.43487935325868,-88.26444348595373,55.75,44.25
40.93487935325868,-101.26444348595372,55.6,44.4
34.93487935325868,-90.26444348595372,55.47,44.53
46.93487935325868,-101.76444348595372,55.2,44.8
41.43487935325868,-91.26444348595372,55.13,44.87
48.43487935325868,-111.26444348595372,55.05,44.95
43.93487935325868,-88.26444348595373,55.02,44.98
38.93487935325868,-100.76444348595372,54.94,45.06
34.93487935325868,-90.76444348595372,54.87,45.13
47.93487935325868,-100.76444348595372,54.86,45.14
36.43487935325868,-88.76444348595373,54.76,45.24
43.93487935325868,-88.76444348595373,54.62,45.38
42.43487935325868,-92.26444348595372,54.33,45.67
40.43487935325868,-101.76444348595372,54.29,45.71
40.43487935325868,-83.76444348595373,54.25,45.75
40.43487935325868,-96.26444348595372,54.22,45.78
45.43487935325868,-99.76444348595372,54.19,45.81
45.93487935325868,-98.76444348595372,54.16,45.84
46.93487935325868,-102.76444348595372,54.06,45.94
38.43487935325868,-98.76444348595372,53.99,46.01
42.93487935325868,-77.76444348595373,53.87,46.13
37.43487935325868,-102.26444348595372,53.86,46.14
38.93487935325868,-75.76444348595373,53.78,46.22
39.43487935325868,-102.26444348595372,53.72,46.28
47.93487935325868,-112.26444348595372,53.6,46.4
38.93487935325868,-99.76444348595372,53.56,46.44
36.43487935325868,-90.76444348595372,53.51,46.49
45.93487935325868,-98.26444348595372,53.47,46.53
41.93487935325868,-91.76444348595372,53.43,46.57
43.93487935325868,-92.26444348595372,53.36,46.64
47.43487935325868,-105.76444348595372,53.31,46.69
42.93487935325868,-91.26444348595372,53.29,46.71
38.93487935325868,-87.26444348595373,53.28,46.72
36.93487935325868,-87.76444348595373,53.25,46.75
34.93487935325868,-99.26444348595372,52.99,47.01
41.43487935325868,-99.76444348595372,52.85,47.15
40.93487935325868,-96.76444348595372,52.78,47.22
36.43487935325868,-101.26444348595372,52.76,47.24
39.43487935325868,-93.26444348595372,52.72,47.28
40.43487935325868,-99.76444348595372,52.62,47.38
42.93487935325868,-91.76444348595372,52.61,47.39
47.93487935325868,-110.76444348595372,52.58,47.42
34.43487935325868,-99.26444348595372,52.5,47.5
39.93487935325868,-97.26444348595372,52.49,47.51
45.43487935325868,-101.26444348595372,52.41,47.59
46.43487935325868,-120.26444348595372,52.19,47.81
41.93487935325868,-84.76444348595373,52.19,47.81
44.43487935325868,-98.26444348595372,52.07,47.93
43.93487935325868,-73.26444348595373,52.03,47.97
34.93487935325868,-91.26444348595372,52.02,47.98
48.93487935325868,-103.76444348595372,51.9,48.1
42.93487935325868,-82.76444348595373,51.72,48.28
45.93487935325868,-116.26444348595372,51.71,48.29
39.93487935325868,-89.76444348595373,51.63,48.37
39.43487935325868,-87.76444348595373,51.61,48.39
41.93487935325868,-104.26444348595372,51.38,48.62
40.43487935325868,-104.76444348595372,51.36,48.64
38.43487935325868,-99.26444348595372,51.34,48.66
39.43487935325868,-93.76444348595372,51.25,48.75
40.93487935325868,-90.26444348595372,51.01,48.99
27.43487935325868,-97.76444348595372,50.85,49.15
29.43487935325868,-95.76444348595372,50.79,49.21
33.93487935325868,-91.26444348595372,50.66,49.34
48.43487935325868,-107.26444348595372,50.65,49.35
38.43487935325868,-97.26444348595372,50.64,49.36
40.93487935325868,-95.76444348595372,50.58,49.42
37.93487935325868,-87.26444348595373,50.54,49.46
37.93487935325868,-100.76444348595372,50.51,49.49
40.93487935325868,-102.26444348595372,50.48,49.52
32.93487935325868,-90.76444348595372,50.46,49.54
37.43487935325868,-94.26444348595372,50.43,49.57
38.93487935325868,-91.26444348595372,50.41,49.59
40.43487935325868,-91.76444348595372,50.4,49.6
35.43487935325868,-77.76444348595373,50.29,49.71
47.43487935325868,-104.76444348595372,50.15,49.85
37.93487935325868,-89.26444348595373,50.09,49.91
38.93487935325868,-100.26444348595372,50.07,49.93
40.43487935325868,-86.76444348595373,49.98,50.02
29.93487935325868,-91.76444348595372,49.97,50.03
37.93487935325868,-101.26444348595372,49.75,50.25
45.43487935325868,-120.26444348595372,49.74,50.26
35.43487935325868,-101.26444348595372,49.73,50.27
39.43487935325868,-122.26444348595372,49.64,50.36
46.93487935325868,-99.26444348595372,49.59,50.41
40.43487935325868,-94.76444348595372,49.56,50.44
40.93487935325868,-94.76444348595372,49.44,50.56
41.93487935325868,-86.26444348595373,49.44,50.56
43.43487935325868,-100.26444348595372,49.35,50.65
42.93487935325868,-114.76444348595372,49.22,50.78
46.93487935325868,-102.26444348595372,49.09,50.91
45.93487935325868,-118.26444348595372,49.08,50.92
26.43487935325868,-98.26444348595372,49.04,50.96
45.43487935325868,-98.76444348595372,49.04,50.96
47.43487935325868,-101.76444348595372,48.95,51.05
36.43487935325868,-76.26444348595373,48.85,51.15
44.93487935325868,-88.26444348595373,48.82,51.18
38.93487935325868,-93.26444348595372,48.62,51.38
46.43487935325868,-116.76444348595372,48.61,51.39
32.93487935325868,-102.76444348595372,48.51,51.49
39.93487935325868,-87.26444348595373,48.5,51.5
39.93487935325868,-100.76444348595372,48.3,51.7
39.93487935325868,-104.76444348595372,48.17,51.83
48.93487935325868,-104.26444348595372,48.11,51.89
35.93487935325868,-102.76444348595372,48.08,51.92
39.43487935325868,-118.76444348595372,48.02,51.98
39.43487935325868,-97.76444348595372,47.87,52.13
43.43487935325868,-91.76444348595372,47.74,52.26
39.43487935325868,-75.76444348595373,47.68,52.32
37.93487935325868,-99.76444348595372,47.68,52.32
39.43487935325868,-98.76444348595372,47.61,52.39
42.93487935325868,-88.76444348595373,47.5,52.5
30.93487935325868,-83.76444348595373,47.49,52.51
47.93487935325868,-103.76444348595372,47.46,52.54
36.93487935325868,-88.76444348595373,47.39,52.61
37.93487935325868,-94.26444348595372,47.21,52.79
42.93487935325868,-90.26444348595372,47.15,52.85
38.93487935325868,-87.76444348595373,47.04,52.96
43.43487935325868,-89.26444348595373,47.04,52.96
45.43487935325868,-107.76444348595372,47.01,52.99
37.43487935325868,-87.76444348595373,46.93,53.07
34.43487935325868,-98.76444348595372,46.9,53.1
38.93487935325868,-83.76444348595373,46.83,53.17
48.93487935325868,-108.76444348595372,46.82,53.18
47.93487935325868,-102.26444348595372,46.79,53.21
40.43487935325868,-90.76444348595372,46.76,53.24
41.43487935325868,-102.76444348595372,46.67,53.33
41.43487935325868,-85.26444348595373,46.65,53.35
38.43487935325868,-83.76444348595373,46.59,53.41
39.43487935325868,-102.76444348595372,46.58,53.42
40.43487935325868,-76.26444348595373,46.56,53.44
47.93487935325868,-105.26444348595372,46.49,53.51
42.43487935325868,-113.26444348595372,46.37,53.63
36.43487935325868,-90.26444348595372,46.31,53.69
36.93487935325868,-98.26444348595372,46.29,53.71
44.93487935325868,-98.76444348595372,46.27,53.73
39.93487935325868,-91.26444348595372,46.22,53.78
43.43487935325868,-85.26444348595373,46.2,53.8
38.43487935325868,-95.26444348595372,46.15,53.85
42.93487935325868,-84.26444348595373,46.1,53.9
44.43487935325868,-123.26444348595372,46.03,53.97
48.93487935325868,-109.76444348595372,45.87,54.13
36.43487935325868,-97.26444348595372,45.82,54.18
38.93487935325868,-90.76444348595372,45.69,54.31
31.93487935325868,-91.76444348595372,45.58,54.42
38.93487935325868,-99.26444348595372,45.53,54.47
37.93487935325868,-98.26444348595372,45.53,54.47
44.43487935325868,-93.26444348595372,45.42,54.58
47.93487935325868,-110.26444348595372,45.37,54.63
33.43487935325868,-95.76444348595372,45.36,54.64
46.43487935325868,-117.76444348595372,45.35,54.65
47.93487935325868,-97.26444348595372,45.33,54.67
42.93487935325868,-98.26444348595372,45.31,54.69
38.43487935325868,-100.26444348595372,45.26,54.74
41.93487935325868,-84.26444348595373,45.23,54.77
46.43487935325868,-103.26444348595372,45.15,54.85
44.93487935325868,-97.26444348595372,45.06,54.94
34.43487935325868,-91.26444348595372,45.04,54.96
41.43487935325868,-103.26444348595372,45.03,54.97
31.93487935325868,-83.76444348595373,45.01,54.99
48.43487935325868,-111.76444348595372,44.93,55.07
42.93487935325868,-89.26444348595373,44.88,55.12
43.93487935325868,-91.76444348595372,44.76,55.24
39.43487935325868,-99.76444348595372,44.72,55.28
38.93487935325868,-97.76444348595372,44.62,55.38
45.43487935325868,-91.76444348595372,44.57,55.43
42.93487935325868,-112.76444348595372,44.44,55.56
37.93487935325868,-121.26444348595372,44.44,55.56
41.43487935325868,-104.26444348595372,44.32,55.68
42.43487935325868,-98.26444348595372,44.31,55.69
47.43487935325868,-111.76444348595372,44.24,55.76
41.43487935325868,-87.76444348595373,44.18,55.82
37.93487935325868,-95.26444348595372,44.18,55.82
41.43487935325868,-98.26444348595372,44.17,55.83
45.93487935325868,-100.26444348595372,44.12,55.88
35.93487935325868,-90.76444348595372,44.04,55.96
31.93487935325868,-84.26444348595373,43.92,56.08
35.43487935325868,-89.26444348595373,43.89,56.11
43.93487935325868,-100.76444348595372,43.85,56.15
48.43487935325868,-95.76444348595372,43.76,56.24
43.93487935325868,-97.76444348595372,43.72,56.28
44.93487935325868,-91.76444348595372,43.7,56.3
40.93487935325868,-81.76444348595373,43.42,56.58
40.43487935325868,-82.76444348595373,43.41,56.59
41.43487935325868,-82.76444348595373,43.22,56.78
43.93487935325868,-100.26444348595372,43.21,56.79
40.93487935325868,-94.26444348595372,43.12,56.88
34.43487935325868,-101.26444348595372,43.04,56.96
38.93487935325868,-93.76444348595372,42.95,57.05
44.43487935325868,-91.26444348595372,42.92,57.08
39.93487935325868,-93.26444348595372,42.9,57.1
38.93487935325868,-92.76444348595372,42.9,57.1
38.43487935325868,-75.26444348595373,42.84,57.16
39.93487935325868,-98.76444348595372,42.66,57.34
48.43487935325868,-104.26444348595372,42.5,57.5
44.43487935325868,-101.76444348595372,42.49,57.51
40.93487935325868,-100.26444348595372,42.33,57.67
40.43487935325868,-92.26444348595372,42.25,57.75
39.43487935325868,-84.76444348595373,42.05,57.95
30.93487935325868,-92.26444348595372,42.03,57.97
39.43487935325868,-99.26444348595372,41.99,58.01
26.43487935325868,-80.76444348595373,41.93,58.07
33.93487935325868,-99.76444348595372,41.88,58.12
37.93487935325868,-88.76444348595373,41.85,58.15
45.93487935325868,-108.76444348595372,41.84,58.16
39.93487935325868,-91.76444348595372,41.76,58.24
30.93487935325868,-97.26444348595372,41.68,58.32
38.93487935325868,-101.76444348595372,41.65,58.35
46.93487935325868,-99.76444348595372,41.64,58.36
39.43487935325868,-87.26444348595373,41.58,58.42
44.93487935325868,-122.76444348595372,41.55,58.45
48.43487935325868,-102.76444348595372,41.49,58.51
38.93487935325868,-101.26444348595372,41.33,58.67
28.93487935325868,-96.26444348595372,41.32,58.68
47.43487935325868,-100.26444348595372,41.26,58.74
27.93487935325868,-97.76444348595372,41.25,58.75
36.43487935325868,-77.26444348595373,41.21,58.79
46.43487935325868,-101.26444348595372,41.2,58.8
47.43487935325868,-95.76444348595372,41.19,58.81
48.93487935325868,-112.76444348595372,40.93,59.07
31.43487935325868,-85.26444348595373,40.85,59.15
40.43487935325868,-90.26444348595372,40.77,59.23
39.93487935325868,-98.26444348595372,40.61,59.39
45.43487935325868,-100.26444348595372,40.57,59.43
46.93487935325868,-100.26444348595372,40.56,59.44
34.93487935325868,-100.26444348595372,40.53,59.47
44.43487935325868,-88.76444348595373,40.48,59.52
33.43487935325868,-96.76444348595372,40.46,59.54
37.43487935325868,-85.76444348595373,40.44,59.56
44.93487935325868,-123.26444348595372,40.37,59.63
47.43487935325868,-109.76444348595372,40.31,59.69
31.43487935325868,-83.76444348595373,40.29,59.71
47.93487935325868,-104.26444348595372,40.24,59.76
38.43487935325868,-96.26444348595372,40.17,59.83
34.43487935325868,-99.76444348595372,40.16,59.84
46.93487935325868,-118.26444348595372,40.15,59.85
41.43487935325868,-103.76444348595372,40.1,59.9
42.93487935325868,-77.26444348595373,40.1,59.9
39.93487935325868,-84.26444348595373,39.99,60.01
47.43487935325868,-100.76444348595372,39.96,60.04
31.43487935325868,-96.76444348595372,39.9,60.1
31.43487935325868,-83.26444348595373,39.87,60.13
45.43487935325868,-94.26444348595372,39.84,60.16
48.43487935325868,-109.76444348595372,39.71,60.29
38.93487935325868,-85.76444348595373,39.7,60.3
32.43487935325868,-96.76444348595372,39.66,60.34
39.43487935325868,-75.26444348595373,39.48,60.52
45.93487935325868,-102.26444348595372,39.41,60.59
48.43487935325868,-105.26444348595372,39.37,60.63
46.43487935325868,-95.26444348595372,39.33,60.67
44.43487935325868,-89.26444348595373,39.33,60.67
34.93487935325868,-98.76444348595372,39.28,60.72
46.43487935325868,-119.26444348595372,39.14,60.86
43.93487935325868,-112.26444348595372,39.13,60.87
31.93487935325868,-91.26444348595372,39.09,60.91
39.43487935325868,-94.76444348595372,39.01,60.99
47.93487935325868,-104.76444348595372,38.9,61.1
39.93487935325868,-90.76444348595372,38.83,61.17
44.93487935325868,-92.26444348595372,38.75,61.25
45.93487935325868,-108.26444348595372,38.73,61.27
40.93487935325868,-82.26444348595373,38.72,61.28
47.43487935325868,-107.26444348595372,38.7,61.3
42.43487935325868,-90.76444348595372,38.46,61.54
47.43487935325868,-111.26444348595372,38.36,61.64
39.93487935325868,-94.76444348595372,38.35,61.65
45.43487935325868,-102.76444348595372,38.35,61.65
43.93487935325868,-98.76444348595372,38.24,61.76
47.93487935325868,-109.76444348595372,38.01,61.99
37.43487935325868,-99.76444348595372,37.97,62.03
42.93487935325868,-85.26444348595373,37.91,62.09
39.93487935325868,-94.26444348595372,37.87,62.13
40.43487935325868,-100.26444348595372,37.83,62.17
44.93487935325868,-96.76444348595372,37.58,62.42
48.43487935325868,-109.26444348595372,37.57,62.43
40.93487935325868,-93.26444348595372,37.41,62.59
45.93487935325868,-95.26444348595372,37.4,62.6
37.93487935325868,-102.26444348595372,37.37,62.63
35.93487935325868,-77.26444348595373,37.35,62.65
42.93487935325868,-76.76444348595373,37.29,62.71
30.43487935325868,-87.76444348595373,37.13,62.87
42.43487935325868,-84.26444348595373,37.11,62.89
44.93487935325868,-87.26444348595373,37.09,62.91
48.93487935325868,-95.76444348595372,37.04,62.96
45.93487935325868,-94.26444348595372,36.83,63.17
40.93487935325868,-92.26444348595372,36.83,63.17
34.93487935325868,-102.76444348595372,36.77,63.23
41.43487935325868,-98.76444348595372,36.7,63.3
38.43487935325868,-94.26444348595372,36.67,63.33
40.93487935325868,-99.26444348595372,36.65,63.35
41.43487935325868,-93.26444348595372,36.64,63.36
40.43487935325868,-93.76444348595372,36.59,63.41
33.93487935325868,-100.26444348595372,36.56,63.44
41.43487935325868,-90.76444348595372,36.55,63.45
35.93487935325868,-88.76444348595373,36.39,63.61
42.93487935325868,-89.76444348595373,36.39,63.61
41.43487935325868,-88.26444348595373,36.31,63.69
48.43487935325868,-106.26444348595372,36.24,63.76
42.93487935325868,-98.76444348595372,36.21,63.79
40.43487935325868,-102.26444348595372,36.21,63.79
42.43487935325868,-85.76444348595373,36.17,63.83
31.43487935325868,-84.76444348595373,36.16,63.84
43.93487935325868,-86.26444348595373,36.11,63.89
45.93487935325868,-99.26444348595372,36.1,63.9
43.93487935325868,-99.76444348595372,36.06,63.94
30.93487935325868,-85.26444348595373,36.03,63.97
42.43487935325868,-111.76444348595372,36.03,63.97
38.93487935325868,-102.76444348595372,35.98,64.02
39.93487935325868,-83.76444348595373,35.93,64.07
38.43487935325868,-102.76444348595372,35.73,64.27
48.93487935325868,-108.26444348595372,35.68,64.32
43.93487935325868,-116.76444348595372,35.68,64.32
42.93487935325868,-90.76444348595372,35.65,64.35
41.93487935325868,-85.76444348595373,35.59,64.41
39.43487935325868,-92.26444348595372,35.58,64.42
45.93487935325868,-101.26444348595372,35.55,64.45
45.93487935325868,-119.26444348595372,35.51,64.49
34.43487935325868,-79.26444348595373,35.35,64.65
35.43487935325868,-99.26444348595372,35.22,64.78
42.93487935325868,-74.76444348595373,35.13,64.87
33.93487935325868,-88.76444348595373,35.13,64.87
39.43487935325868,-86.26444348595373,35.06,64.94
40.93487935325868,-102.76444348595372,34.98,65.02
41.93487935325868,-98.26444348595372,34.98,65.02
42.93487935325868,-78.26444348595373,34.92,65.08
30.93487935325868,-84.26444348595373,34.91,65.09
45.43487935325868,-102.26444348595372,34.83,65.17
40.93487935325868,-91.76444348595372,34.81,65.19
33.93487935325868,-103.26444348595372,34.73,65.27
35.43487935325868,-89.76444348595373,34.72,65.28
34.43487935325868,-78.76444348595373,34.67,65.33
45.93487935325868,-101.76444348595372,34.65,65.35
34.93487935325868,-78.26444348595373,34.6,65.4
38.43487935325868,-90.26444348595372,34.58,65.42
42.43487935325868,-86.26444348595373,34.57,65.43
44.43487935325868,-92.26444348595372,34.52,65.48
46.43487935325868,-118.76444348595372,34.45,65.55
32.93487935325868,-91.76444348595372,34.37,65.63
39.93487935325868,-76.26444348595373,34.37,65.63
45.43487935325868,-95.26444348595372,34.33,65.67
34.93487935325868,-77.76444348595373,34.3,65.7
31.43487935325868,-82.26444348595373,34.25,65.75
39.93487935325868,-77.76444348595373,34.11,65.89
41.93487935325868,-112.76444348595372,34.0,66.0
42.93487935325868,-75.26444348595373,33.96,66.04
37.93487935325868,-109.26444348595372,33.89,66.11
34.93487935325868,-79.26444348595373,33.84,66.16
41.43487935325868,-93.76444348595372,33.77,66.23
44.93487935325868,-89.76444348595373,33.75,66.25
37.93487935325868,-89.76444348595373,33.7,66.3
37.43487935325868,-98.26444348595372,33.69,66.31
37.43487935325868,-95.76444348595372,33.69,66.31
37.93487935325868,-86.26444348595373,33.63,66.37
34.93487935325868,-86.76444348595373,33.54,66.46
43.43487935325868,-88.26444348595373,33.48,66.52
47.93487935325868,-119.76444348595372,33.31,66.69
46.93487935325868,-103.26444348595372,33.22,66.78
39.43487935325868,-91.26444348595372,33.2,66.8
33.43487935325868,-93.76444348595372,33.18,66.82
38.93487935325868,-85.26444348595373,33.15,66.85
45.43487935325868,-117.26444348595372,33.08,66.92
39.43487935325868,-85.26444348595373,33.02,66.98
39.43487935325868,-90.76444348595372,32.81,67.19
40.43487935325868,-93.26444348595372,32.77,67.23
45.93487935325868,-103.26444348595372,32.7,67.3
47.93487935325868,-103.26444348595372,32.66,67.34
33.43487935325868,-96.26444348595372,32.62,67.38
34.43487935325868,-98.26444348595372,32.61,67.39
47.43487935325868,-102.26444348595372,32.61,67.39
40.93487935325868,-81.26444348595373,32.57,67.43
43.43487935325868,-112.26444348595372,32.56,67.44
39.43487935325868,-91.76444348595372,32.55,67.45
43.93487935325868,-117.26444348595372,32.5,67.5
42.93487935325868,-74.26444348595373,32.5,67.5
46.93487935325868,-104.26444348595372,32.34,67.66
34.43487935325868,-100.26444348595372,32.29,67.71
38.43487935325868,-87.26444348595373,32.28,67.72
44.43487935325868,-103.26444348595372,32.18,67.82
37.43487935325868,-89.76444348595373,32.15,67.85
48.43487935325868,-100.26444348595372,32.14,67.86
46.43487935325868,-99.26444348595372,32.08,67.92
38.43487935325868,-121.26444348595372,31.9,68.1
39.93487935325868,-101.76444348595372,31.88,68.12
44.93487935325868,-91.26444348595372,31.66,68.34
33.43487935325868,-80.76444348595373,31.57,68.43
36.93487935325868,-85.76444348595373,31.56,68.44
32.43487935325868,-83.26444348595373,31.55,68.45
33.93487935325868,-91.76444348595372,31.55,68.45
48.43487935325868,-100.76444348595372,31.49,68.51
35.93487935325868,-98.76444348595372,31.47,68.53
44.43487935325868,-91.76444348595372,31.42,68.58
41.43487935325868,-100.26444348595372,31.4,68.6
46.43487935325868,-109.76444348595372,31.24,68.76
33.43487935325868,-114.76444348595372,31.19,68.81
44.43487935325868,-108.26444348595372,31.13,68.87
37.43487935325868,-85.26444348595373,31.09,68.91
47.43487935325868,-114.26444348595372,31.09,68.91
41.43487935325868,-99.26444348595372,31.06,68.94
33.93487935325868,-79.76444348595373,31.06,68.94
45.93487935325868,-102.76444348595372,31.01,68.99
39.43487935325868,-86.76444348595373,30.98,69.02
38.43487935325868,-75.76444348595373,30.97,69.03
30.43487935325868,-83.26444348595373,30.93,69.07
47.93487935325868,-98.76444348595372,30.86,69.14
38.43487935325868,-88.76444348595373,30.83,69.17
45.93487935325868,-94.76444348595372,30.8,69.2
39.93487935325868,-93.76444348595372,30.78,69.22
44.93487935325868,-101.76444348595372,30.75,69.25
41.43487935325868,-87.26444348595373,30.72,69.28
40.43487935325868,-75.76444348595373,30.72,69.28
44.93487935325868,-101.26444348595372,30.72,69.28
42.93487935325868,-76.26444348595373,30.69,69.31
41.93487935325868,-111.76444348595372,30.64,69.36
44.93487935325868,-99.26444348595372,30.59,69.41
31.43487935325868,-97.26444348595372,30.57,69.43
39.93487935325868,-77.26444348595373,30.52,69.48
40.93487935325868,-93.76444348595372,30.35,69.65
36.93487935325868,-86.76444348595373,30.31,69.69
45.43487935325868,-97.26444348595372,30.24,69.76
36.93487935325868,-86.26444348595373,29.86,70.14
45.43487935325868,-112.26444348595372,29.78,70.22
29.93487935325868,-97.76444348595372,29.75,70.25
47.43487935325868,-119.26444348595372,29.68,70.32
40.43487935325868,-82.26444348595373,29.55,70.45
39.43487935325868,-77.26444348595373,29.54,70.46
33.93487935325868,-80.26444348595373,29.51,70.49
44.43487935325868,-101.26444348595372,29.47,70.53
36.93487935325868,-76.76444348595373,29.47,70.53
35.43487935325868,-77.26444348595373,29.38,70.62
43.93487935325868,-75.76444348595373,29.16,70.84
40.43487935325868,-100.76444348595372,29.12,70.88
48.93487935325868,-122.26444348595372,29.05,70.95
43.93487935325868,-90.26444348595372,29.05,70.95
38.93487935325868,-98.26444348595372,29.02,70.98
37.43487935325868,-102.76444348595372,28.97,71.03
40.43487935325868,-101.26444348595372,28.87,71.13
37.93487935325868,-101.76444348595372,28.75,71.25
40.43487935325868,-94.26444348595372,28.68,71.32
36.43487935325868,-89.26444348595373,28.61,71.39
32.93487935325868,-82.26444348595373,28.58,71.42
33.93487935325868,-102.76444348595372,28.48,71.52
39.93487935325868,-92.76444348595372,28.42,71.58
46.43487935325868,-116.26444348595372,28.42,71.58
42.93487935325868,-115.76444348595372,28.41,71.59
40.93487935325868,-104.26444348595372,28.38,71.62
42.43487935325868,-90.26444348595372,28.35,71.65
47.43487935325868,-119.76444348595372,28.3,71.7
35.43487935325868,-97.76444348595372,28.27,71.73
35.93487935325868,-91.26444348595372,28.26,71.74
43.43487935325868,-116.76444348595372,28.1,71.9
47.43487935325868,-109.26444348595372,28.07,71.93
48.43487935325868,-107.76444348595372,27.99,72.01
38.93487935325868,-90.26444348595372,27.94,72.06
44.43487935325868,-104.26444348595372,27.9,72.1
40.93487935325868,-76.76444348595373,27.9,72.1
37.43487935325868,-98.76444348595372,27.9,72.1
44.93487935325868,-72.76444348595373,27.83,72.17
38.43487935325868,-93.76444348595372,27.81,72.19
32.43487935325868,-111.26444348595372,27.79,72.21
39.93487935325868,-122.26444348595372,27.77,72.23
35.93487935325868,-77.76444348595373,27.71,72.29
42.43487935325868,-112.76444348595372,27.69,72.31
37.43487935325868,-95.26444348595372,27.67,72.33
34.93487935325868,-98.26444348595372,27.52,72.48
39.43487935325868,-95.76444348595372,27.5,72.5
36.93487935325868,-99.76444348595372,27.34,72.66
36.93487935325868,-87.26444348595373,27.33,72.67
37.93487935325868,-76.76444348595373,27.25,72.75
38.43487935325868,-94.76444348595372,27.23,72.77
34.43487935325868,-88.76444348595373,27.17,72.83
45.93487935325868,-109.26444348595372,27.15,72.85
36.43487935325868,-101.76444348595372,27.08,72.92
47.43487935325868,-102.76444348595372,26.98,73.02
48.43487935325868,-108.26444348595372,26.97,73.03
32.93487935325868,-115.26444348595372,26.95,73.05
38.43487935325868,-95.76444348595372,26.95,73.05
30.93487935325868,-96.76444348595372,26.95,73.05
45.93487935325868,-120.26444348595372,26.9,73.1
43.93487935325868,-99.26444348595372,26.88,73.12
39.93487935325868,-99.26444348595372,26.76,73.24
46.93487935325868,-108.26444348595372,26.75,73.25
44.93487935325868,-74.26444348595373,26.74,73.26
45.93487935325868,-100.76444348595372,26.72,73.28
34.93487935325868,-91.76444348595372,26.71,73.29
46.93487935325868,-119.26444348595372,26.69,73.31
35.43487935325868,-78.26444348595373,26.6,73.4
36.43487935325868,-88.26444348595373,26.59,73.41
35.43487935325868,-78.76444348595373,26.5,73.5
41.43487935325868,-80.76444348595373,26.49,73.51
28.93487935325868,-96.76444348595372,26.48,73.52
42.43487935325868,-102.76444348595372,26.36,73.64
36.93487935325868,-102.26444348595372,26.31,73.69
48.43487935325868,-96.26444348595372,26.26,73.74
36.93487935325868,-98.76444348595372,26.2,73.8
32.43487935325868,-83.76444348595373,26.19,73.81
48.43487935325868,-102.26444348595372,26.16,73.84
30.43487935325868,-96.26444348595372,26.12,73.88
37.93487935325868,-85.26444348595373,26.05,73.95
40.93487935325868,-103.26444348595372,26.02,73.98
46.43487935325868,-97.26444348595372,25.92,74.08
43.43487935325868,-101.26444348595372,25.86,74.14
37.43487935325868,-94.76444348595372,25.81,74.19
42.93487935325868,-115.26444348595372,25.8,74.2
33.43487935325868,-98.76444348595372,25.79,74.21
41.93487935325868,-112.26444348595372,25.75,74.25
36.93487935325868,-119.76444348595372,25.7,74.3
45.43487935325868,-100.76444348595372,25.66,74.34
35.43487935325868,-76.76444348595373,25.63,74.37
42.43487935325868,-88.26444348595373,25.56,74.44
39.93487935325868,-74.76444348595373,25.56,74.44
36.43487935325868,-121.26444348595372,25.51,74.49
33.43487935325868,-97.26444348595372,25.49,74.51
47.43487935325868,-118.76444348595372,25.48,74.52
31.43487935325868,-84.26444348595373,25.43,74.57
46.93487935325868,-100.76444348595372,25.35,74.65
45.93487935325868,-104.76444348595372,25.29,74.71
41.43487935325868,-80.26444348595373,25.24,74.76
43.43487935325868,-89.76444348595373,25.17,74.83
39.43487935325868,-103.76444348595372,25.16,74.84
45.43487935325868,-92.76444348595372,25.16,74.84
39.43487935325868,-77.76444348595373,25.14,74.86
40.93487935325868,-100.76444348595372,25.02,74.98
47.43487935325868,-120.26444348595372,24.93,75.07
40.93487935325868,-99.76444348595372,24.93,75.07
38.93487935325868,-98.76444348595372,24.91,75.09
47.43487935325868,-105.26444348595372,24.91,75.09
34.93487935325868,-103.26444348595372,24.89,75.11
37.43487935325868,-84.76444348595373,24.53,75.47
44.43487935325868,-99.26444348595372,24.33,75.67
38.93487935325868,-103.76444348595372,24.31,75.69
31.43487935325868,-82.76444348595373,24.25,75.75
33.43487935325868,-95.26444348595372,24.05,75.95
31.93487935325868,-97.26444348595372,24.02,75.98
44.93487935325868,-89.26444348595373,24.0,76.0
48.93487935325868,-99.76444348595372,23.91,76.09
43.43487935325868,-83.26444348595373,23.85,76.15
42.93487935325868,-114.26444348595372,23.8,76.2
43.93487935325868,-89.76444348595373,23.79,76.21
32.43487935325868,-81.76444348595373,23.75,76.25
41.93487935325868,-121.76444348595372,23.74,76.26
40.43487935325868,-92.76444348595372,23.73,76.27
46.43487935325868,-104.26444348595372,23.64,76.36
38.93487935325868,-76.26444348595373,23.62,76.38
38.43487935325868,-93.26444348595372,23.6,76.4
32.93487935325868,-81.26444348595373,23.55,76.45
43.93487935325868,-84.76444348595373,23.54,76.46
42.43487935325868,-98.76444348595372,23.51,76.49
44.43487935325868,-89.76444348595373,23.49,76.51
42.93487935325868,-83.76444348595373,23.46,76.54
35.93487935325868,-80.76444348595373,23.45,76.55
45.43487935325868,-92.26444348595372,23.36,76.64
42.43487935325868,-78.26444348595373,23.36,76.64
35.93487935325868,-76.26444348595373,23.32,76.68
44.93487935325868,-93.76444348595372,23.26,76.74
33.43487935325868,-81.26444348595373,23.21,76.79
42.93487935325868,-75.76444348595373,23.15,76.85
41.93487935325868,-103.26444348595372,23.1,76.9
33.93487935325868,-98.76444348595372,23.06,76.94
43.43487935325868,-111.76444348595372,23.02,76.98
34.93487935325868,-87.26444348595373,22.9,77.1
41.93487935325868,-80.26444348595373,22.86,77.14
37.93487935325868,-94.76444348595372,22.85,77.15
29.93487935325868,-94.26444348595372,22.83,77.17
47.93487935325868,-105.76444348595372,22.8,77.2
39.93487935325868,-76.76444348595373,22.8,77.2
42.43487935325868,-77.76444348595373,22.78,77.22
31.93487935325868,-105.26444348595372,22.76,77.24
30.93487935325868,-85.76444348595373,22.72,77.28
42.43487935325868,-85.26444348595373,22.71,77.29
43.93487935325868,-90.76444348595372,22.65,77.35
36.93487935325868,-79.76444348595373,22.61,77.39
37.93487935325868,-79.26444348595373,22.57,77.43
40.43487935325868,-78.26444348595373,22.56,77.44
37.43487935325868,-108.76444348595372,22.55,77.45
33.43487935325868,-100.76444348595372,22.54,77.46
45.43487935325868,-121.26444348595372,22.52,77.48
38.43487935325868,-84.26444348595373,22.47,77.53
39.93487935325868,-82.76444348595373,22.47,77.53
44.93487935325868,-72.26444348595373,22.47,77.53
45.93487935325868,-111.26444348595372,22.41,77.59
38.93487935325868,-95.26444348595372,22.39,77.61
39.43487935325868,-82.76444348595373,22.34,77.66
37.43487935325868,-86.26444348595373,22.28,77.72
35.43487935325868,-98.26444348595372,22.27,77.73
38.43487935325868,-85.26444348595373,22.26,77.74
46.43487935325868,-110.26444348595372,22.24,77.76
40.43487935325868,-103.76444348595372,22.17,77.83
41.93487935325868,-76.76444348595373,22.1,77.9
42.43487935325868,-112.26444348595372,22.08,77.92
31.93487935325868,-109.76444348595372,22.03,77.97
34.93487935325868,-100.76444348595372,22.01,77.99
39.93487935325868,-82.26444348595373,21.93,78.07
36.43487935325868,-102.26444348595372,21.84,78.16
37.43487935325868,-99.26444348595372,21.79,78.21
38.43487935325868,-78.76444348595373,21.77,78.23
34.93487935325868,-78.76444348595373,21.72,78.28
43.43487935325868,-90.26444348595372,21.71,78.29
46.43487935325868,-95.76444348595372,21.71,78.29
30.43487935325868,-91.26444348595372,21.61,78.39
36.93487935325868,-84.76444348595373,21.29,78.71
30.93487935325868,-86.26444348595373,21.27,78.73
38.43487935325868,-86.76444348595373,21.26,78.74
45.43487935325868,-109.26444348595372,21.24,78.76
35.43487935325868,-80.26444348595373,21.23,78.77
36.93487935325868,-81.26444348595373,21.18,78.82
40.43487935325868,-77.26444348595373,21.17,78.83
40.43487935325868,-107.26444348595372,21.15,78.85
38.93487935325868,-91.76444348595372,21.08,78.92
32.93487935325868,-111.76444348595372,21.08,78.92
35.93487935325868,-101.26444348595372,21.01,78.99
39.43487935325868,-84.26444348595373,21.0,79.0
32.93487935325868,-100.26444348595372,20.98,79.02
33.43487935325868,-112.26444348595372,20.95,79.05
44.93487935325868,-85.76444348595373,20.92,79.08
42.43487935325868,-79.26444348595373,20.82,79.18
46.43487935325868,-117.26444348595372,20.81,79.19
32.93487935325868,-81.76444348595373,20.72,79.28
39.43487935325868,-112.76444348595372,20.65,79.35
28.93487935325868,-97.76444348595372,20.55,79.45
36.43487935325868,-99.26444348595372,20.54,79.46
34.93487935325868,-77.26444348595373,20.53,79.47
39.43487935325868,-94.26444348595372,20.48,79.52
32.93487935325868,-112.76444348595372,20.47,79.53
31.93487935325868,-99.76444348595372,20.42,79.58
36.43487935325868,-80.76444348595373,20.31,79.69
38.43487935325868,-86.26444348595373,20.26,79.74
40.93487935325868,-80.76444348595373,20.2,79.8
44.93487935325868,-107.26444348595372,20.11,79.89
44.43487935325868,-116.76444348595372,20.07,79.93
32.43487935325868,-101.26444348595372,20.06,79.94
35.43487935325868,-88.26444348595373,20.03,79.97
36.93487935325868,-79.26444348595373,20.01,79.99
36.43487935325868,-76.76444348595373,19.99,80.01
40.43487935325868,-81.76444348595373,19.96,80.04
38.43487935325868,-78.26444348595373,19.74,80.26
29.93487935325868,-90.76444348595372,19.63,80.37
47.93487935325868,-102.76444348595372,19.59,80.41
42.43487935325868,-76.76444348595373,19.59,80.41
43.93487935325868,-85.26444348595373,19.57,80.43
34.93487935325868,-99.76444348595372,19.52,80.48
37.43487935325868,-88.26444348595373,19.44,80.56
37.93487935325868,-95.76444348595372,19.39,80.61
32.43487935325868,-87.26444348595373,19.34,80.66
41.93487935325868,-79.76444348595373,19.26,80.74
48.93487935325868,-100.26444348595372,19.24,80.76
45.43487935325868,-108.76444348595372,19.2,80.8
44.43487935325868,-102.76444348595372,19.16,80.84
39.43487935325868,-96.76444348595372,19.13,80.87
41.93487935325868,-76.26444348595373,19.12,80.88
43.43487935325868,-90.76444348595372,19.12,80.88
46.93487935325868,-108.76444348595372,19.07,80.93
47.43487935325868,-112.26444348595372,19.05,80.95
30.43487935325868,-88.26444348595373,19.03,80.97
33.93487935325868,-97.76444348595372,19.0,81.0
27.43487935325868,-81.76444348595373,18.96,81.04
29.43487935325868,-98.26444348595372,18.92,81.08
40.93487935325868,-92.76444348595372,18.86,81.14
35.43487935325868,-76.26444348595373,18.85,81.15
43.93487935325868,-89.26444348595373,18.85,81.15
43.43487935325868,-114.26444348595372,18.8,81.2
43.43487935325868,-103.26444348595372,18.77,81.23
47.43487935325868,-108.76444348595372,18.74,81.26
46.43487935325868,-103.76444348595372,18.7,81.3
31.43487935325868,-99.76444348595372,18.68,81.32
48.43487935325868,-122.26444348595372,18.61,81.39
31.93487935325868,-96.76444348595372,18.59,81.41
47.43487935325868,-117.76444348595372,18.48,81.52
44.43487935325868,-104.76444348595372,18.48,81.52
38.43487935325868,-92.76444348595372,18.44,81.56
35.43487935325868,-100.26444348595372,18.4,81.6
34.93487935325868,-89.26444348595373,18.35,81.65
44.93487935325868,-92.76444348595372,18.34,81.66
45.43487935325868,-91.26444348595372,18.33,81.67
47.43487935325868,-103.26444348595372,18.3,81.7
38.93487935325868,-96.76444348595372,18.24,81.76
31.93487935325868,-98.76444348595372,18.21,81.79
39.93487935325868,-79.26444348595373,18.16,81.84
34.93487935325868,-97.76444348595372,18.06,81.94
33.43487935325868,-102.76444348595372,18.0,82.0
48.93487935325868,-111.26444348595372,17.99,82.01
37.93487935325868,-102.76444348595372,17.96,82.04
46.93487935325868,-116.76444348595372,17.95,82.05
36.93487935325868,-90.26444348595372,17.94,82.06
45.43487935325868,-93.26444348595372,17.86,82.14
44.93487935325868,-73.26444348595373,17.84,82.16
38.93487935325868,-86.26444348595373,17.8,82.2
48.43487935325868,-108.76444348595372,17.79,82.21
43.93487935325868,-101.26444348595372,17.76,82.24
36.93487935325868,-94.76444348595372,17.76,82.24
40.43487935325868,-79.26444348595373,17.72,82.28
31.93487935325868,-100.26444348595372,17.67,82.33
29.43487935325868,-95.26444348595372,17.64,82.36
46.43487935325868,-120.76444348595372,17.6,82.4
46.43487935325868,-100.76444348595372,17.6,82.4
40.93487935325868,-77.76444348595373,17.58,82.42
42.43487935325868,-103.26444348595372,17.52,82.48
30.43487935325868,-97.26444348595372,17.51,82.49
44.93487935325868,-69.26444348595373,17.51,82.49
32.93487935325868,-93.76444348595372,17.51,82.49
37.43487935325868,-86.76444348595373,17.49,82.51
43.43487935325868,-116.26444348595372,17.49,82.51
47.43487935325868,-110.76444348595372,17.47,82.53
37.93487935325868,-77.26444348595373,17.44,82.56
43.43487935325868,-101.76444348595372,17.43,82.57
32.43487935325868,-86.76444348595373,17.41,82.59
35.93487935325868,-97.26444348595372,17.33,82.67
38.93487935325868,-95.76444348595372,17.33,82.67
34.93487935325868,-87.76444348595373,17.32,82.68
39.43487935325868,-96.26444348595372,17.3,82.7
36.93487935325868,-121.76444348595372,17.28,82.72
36.43487935325868,-78.26444348595373,17.26,82.74
46.93487935325868,-95.26444348595372,17.24,82.76
37.43487935325868,-96.76444348595372,17.17,82.83
28.93487935325868,-98.76444348595372,17.15,82.85
42.93487935325868,-99.26444348595372,17.15,82.85
42.93487935325868,-102.26444348595372,17.12,82.88
38.43487935325868,-85.76444348595373,17.03,82.97
35.93487935325868,-78.26444348595373,17.02,82.98
35.43487935325868,-94.26444348595372,17.01,82.99
38.43487935325868,-107.76444348595372,16.96,83.04
41.93487935325868,-121.26444348595372,16.87,83.13
30.93487935325868,-83.26444348595373,16.79,83.21
33.93487935325868,-79.26444348595373,16.77,83.23
38.43487935325868,-77.76444348595373,16.75,83.25
42.43487935325868,-78.76444348595373,16.73,83.27
40.43487935325868,-103.26444348595372,16.69,83.31
38.43487935325868,-122.76444348595372,16.67,83.33
48.93487935325868,-96.76444348595372,16.67,83.33
34.43487935325868,-87.26444348595373,16.65,83.35
34.93487935325868,-101.76444348595372,16.6,83.4
44.93487935325868,-117.76444348595372,16.58,83.42
48.93487935325868,-95.26444348595372,16.54,83.46
33.43487935325868,-99.26444348595372,16.5,83.5
37.93487935325868,-86.76444348595373,16.5,83.5
46.43487935325868,-84.26444348595373,16.49,83.51
41.43487935325868,-102.26444348595372,16.45,83.55
32.93487935325868,-109.76444348595372,16.41,83.59
45.93487935325868,-117.26444348595372,16.32,83.68
37.93487935325868,-84.76444348595373,16.27,83.73
41.93487935325868,-104.76444348595372,16.27,83.73
39.93487935325868,-102.76444348595372,16.26,83.74
38.93487935325868,-119.76444348595372,16.25,83.75
35.43487935325868,-99.76444348595372,16.25,83.75
42.43487935325868,-77.26444348595373,16.2,83.8
42.43487935325868,-111.26444348595372,16.12,83.88
42.93487935325868,-88.26444348595373,16.06,83.94
36.43487935325868,-100.26444348595372,16.03,83.97
45.93487935325868,-104.26444348595372,15.92,84.08
46.43487935325868,-94.76444348595372,15.91,84.09
47.43487935325868,-104.26444348595372,15.86,84.14
34.43487935325868,-78.26444348595373,15.85,84.15
31.43487935325868,-86.26444348595373,15.83,84.17
40.93487935325868,-79.26444348595373,15.82,84.18
41.43487935325868,-120.76444348595372,15.79,84.21
40.43487935325868,-74.76444348595373,15.72,84.28
42.43487935325868,-73.76444348595373,15.68,84.32
39.43487935325868,-110.76444348595372,15.65,84.35
38.93487935325868,-94.26444348595372,15.63,84.37
48.93487935325868,-107.76444348595372,15.56,84.44
32.93487935325868,-82.76444348595373,15.55,84.45
35.43487935325868,-88.76444348595373,15.54,84.46
32.43487935325868,-89.76444348595373,15.53,84.47
32.43487935325868,-99.76444348595372,15.52,84.48
42.43487935325868,-114.76444348595372,15.49,84.51
42.93487935325868,-102.76444348595372,15.46,84.54
35.93487935325868,-76.76444348595373,15.46,84.54
28.43487935325868,-82.26444348595373,15.46,84.54
43.93487935325868,-101.76444348595372,15.45,84.55
32.93487935325868,-96.26444348595372,15.38,84.62
31.93487935325868,-101.76444348595372,15.38,84.62
41.93487935325868,-77.26444348595373,15.35,84.65
31.93487935325868,-98.26444348595372,15.35,84.65
39.93487935325868,-78.26444348595373,15.3,84.7
42.93487935325868,-110.26444348595372,15.16,84.84
39.93487935325868,-86.26444348595373,15.08,84.92
30.93487935325868,-87.26444348595373,15.07,84.93
46.93487935325868,-104.76444348595372,15.07,84.93
27.43487935325868,-98.26444348595372,15.06,84.94
43.43487935325868,-114.76444348595372,15.05,84.95
34.93487935325868,-80.26444348595373,14.92,85.08
39.93487935325868,-79.76444348595373,14.85,85.15
29.43487935325868,-99.26444348595372,14.85,85.15
27.93487935325868,-81.76444348595373,14.8,85.2
46.93487935325868,-95.76444348595372,14.76,85.24
28.93487935325868,-99.76444348595372,14.75,85.25
36.93487935325868,-77.26444348595373,14.75,85.25
40.93487935325868,-79.76444348595373,14.56,85.44
42.93487935325868,-73.26444348595373,14.55,85.45
31.93487935325868,-83.26444348595373,14.55,85.45
33.93487935325868,-99.26444348595372,14.5,85.5
38.43487935325868,-103.26444348595372,14.4,85.6
40.93487935325868,-76.26444348595373,14.39,85.61
45.43487935325868,-101.76444348595372,14.36,85.64
46.43487935325868,-119.76444348595372,14.33,85.67
38.43487935325868,-92.26444348595372,14.32,85.68
34.43487935325868,-103.76444348595372,14.3,85.7
35.93487935325868,-88.26444348595373,14.27,85.73
40.93487935325868,-80.26444348595373,14.24,85.76
35.93487935325868,-85.76444348595373,14.24,85.76
36.93487935325868,-80.26444348595373,14.19,85.81
35.93487935325868,-99.26444348595372,14.19,85.81
32.43487935325868,-102.76444348595372,14.16,85.84
46.93487935325868,-103.76444348595372,14.15,85.85
29.93487935325868,-82.76444348595373,14.03,85.97
33.93487935325868,-98.26444348595372,14.03,85.97
46.43487935325868,-105.76444348595372,13.96,86.04
40.43487935325868,-110.26444348595372,13.95,86.05
31.93487935325868,-82.26444348595373,13.95,86.05
46.93487935325868,-107.26444348595372,13.93,86.07
37.43487935325868,-79.76444348595373,13.93,86.07
37.93487935325868,-84.26444348595373,13.82,86.18
38.43487935325868,-76.76444348595373,13.78,86.22
37.43487935325868,-77.26444348595373,13.73,86.27
42.93487935325868,-108.76444348595372,13.71,86.29
34.43487935325868,-79.76444348595373,13.57,86.43
41.93487935325868,-77.76444348595373,13.56,86.44
36.43487935325868,-96.76444348595372,13.54,86.46
37.43487935325868,-88.76444348595373,13.5,86.5
38.43487935325868,-122.26444348595372,13.46,86.54
38.93487935325868,-82.76444348595373,13.45,86.55
33.93487935325868,-89.26444348595373,13.41,86.59
34.93487935325868,-97.26444348595372,13.39,86.61
47.93487935325868,-118.76444348595372,13.38,86.62
44.43487935325868,-85.26444348595373,13.35,86.65
40.43487935325868,-75.26444348595373,13.35,86.65
45.93487935325868,-93.26444348595372,13.32,86.68
46.93487935325868,-109.26444348595372,13.29,86.71
46.43487935325868,-104.76444348595372,13.29,86.71
44.93487935325868,-104.76444348595372,13.27,86.73
36.43487935325868,-86.26444348595373,13.26,86.74
44.43487935325868,-121.26444348595372,13.22,86.78
37.93487935325868,-103.76444348595372,13.21,86.79
44.93487935325868,-103.26444348595372,13.2,86.8
34.93487935325868,-120.26444348595372,13.13,86.87
32.93487935325868,-103.26444348595372,13.13,86.87
36.43487935325868,-77.76444348595373,13.13,86.87
40.43487935325868,-77.76444348595373,13.08,86.92
37.43487935325868,-78.76444348595373,13.08,86.92
42.93487935325868,-83.26444348595373,13.06,86.94
47.43487935325868,-116.76444348595372,13.02,86.98
43.43487935325868,-99.26444348595372,12.97,87.03
31.93487935325868,-82.76444348595373,12.95,87.05
37.93487935325868,-77.76444348595373,12.91,87.09
35.43487935325868,-87.26444348595373,12.88,87.12
38.93487935325868,-92.26444348595372,12.87,87.13
45.43487935325868,-93.76444348595372,12.79,87.21
29.43487935325868,-82.76444348595373,12.78,87.22
33.93487935325868,-100.76444348595372,12.75,87.25
31.93487935325868,-99.26444348595372,12.67,87.33
37.43487935325868,-80.76444348595373,12.66,87.34
40.43487935325868,-104.26444348595372,12.64,87.36
43.43487935325868,-85.76444348595373,12.58,87.42
32.43487935325868,-87.76444348595373,12.58,87.42
34.93487935325868,-101.26444348595372,12.53,87.47
35.93487935325868,-87.76444348595373,12.53,87.47
36.43487935325868,-87.26444348595373,12.47,87.53
33.43487935325868,-113.26444348595372,12.46,87.54
33.93487935325868,-95.26444348595372,12.36,87.64
44.43487935325868,-106.76444348595372,12.34,87.66
44.43487935325868,-102.26444348595372,12.33,87.67
36.93487935325868,-85.26444348595373,12.32,87.68
40.43487935325868,-109.76444348595372,12.29,87.71
36.93487935325868,-80.76444348595373,12.29,87.71
29.43487935325868,-98.76444348595372,12.28,87.72
42.93487935325868,-100.26444348595372,12.27,87.73
33.43487935325868,-112.76444348595372,12.24,87.76
43.93487935325868,-102.26444348595372,12.23,87.77
43.43487935325868,-111.26444348595372,12.14,87.86
42.43487935325868,-76.26444348595373,12.12,87.88
31.93487935325868,-93.26444348595372,12.1,87.9
45.43487935325868,-118.76444348595372,12.07,87.93
48.43487935325868,-106.76444348595372,12.05,87.95
42.93487935325868,-112.26444348595372,11.98,88.02
37.93487935325868,-112.76444348595372,11.95,88.05
46.43487935325868,-112.76444348595372,11.86,88.14
37.43487935325868,-76.76444348595373,11.83,88.17
27.43487935325868,-81.26444348595373,11.82,88.18
36.93487935325868,-78.76444348595373,11.81,88.19
44.43487935325868,-90.26444348595372,11.81,88.19
41.93487935325868,-98.76444348595372,11.8,88.2
44.43487935325868,-75.76444348595373,11.78,88.22
37.43487935325868,-89.26444348595373,11.76,88.24
28.93487935325868,-98.26444348595372,11.75,88.25
44.93487935325868,-83.76444348595373,11.66,88.34
37.93487935325868,-121.76444348595372,11.64,88.36
34.43487935325868,-80.26444348595373,11.62,88.38
47.93487935325868,-108.76444348595372,11.57,88.43
46.43487935325868,-107.76444348595372,11.52,88.48
44.93487935325868,-102.76444348595372,11.51,88.49
37.43487935325868,-78.26444348595373,11.45,88.55
34.93487935325868,-85.76444348595373,11.41,88.59
36.43487935325868,-102.76444348595372,11.38,88.62
47.43487935325868,-95.26444348595372,11.37,88.63
40.93487935325868,-117.76444348595372,11.34,88.66
45.93487935325868,-110.76444348595372,11.33,88.67
39.93487935325868,-111.76444348595372,11.29,88.71
37.93487935325868,-93.76444348595372,11.27,88.73
36.93487935325868,-94.26444348595372,11.23,88.77
31.43487935325868,-87.26444348595373,11.21,88.79
43.93487935325868,-102.76444348595372,11.2,88.8
30.93487935325868,-100.76444348595372,11.12,88.88
35.93487935325868,-86.26444348595373,11.04,88.96
33.93487935325868,-80.76444348595373,10.97,89.03
28.43487935325868,-97.76444348595372,10.95,89.05
36.93487935325868,-77.76444348595373,10.92,89.08
27.43487935325868,-80.76444348595373,10.8,89.2
38.93487935325868,-121.26444348595372,10.79,89.21
32.43487935325868,-84.26444348595373,10.7,89.3
43.93487935325868,-91.26444348595372,10.67,89.33
44.43487935325868,-85.76444348595373,10.59,89.41
39.93487935325868,-75.76444348595373,10.55,89.45
35.43487935325868,-81.26444348595373,10.53,89.47
36.43487935325868,-85.26444348595373,10.52,89.48
36.43487935325868,-98.76444348595372,10.51,89.49
26.43487935325868,-98.76444348595372,10.42,89.58
34.93487935325868,-76.76444348595373,10.41,89.59
41.93487935325868,-79.26444348595373,10.34,89.66
26.93487935325868,-81.76444348595373,10.29,89.71
32.43487935325868,-97.26444348595372,10.28,89.72
35.43487935325868,-119.76444348595372,10.26,89.74
33.93487935325868,-78.76444348595373,10.24,89.76
38.43487935325868,-91.26444348595372,10.21,89.79
44.93487935325868,-73.76444348595373,10.19,89.81
36.93487935325868,-93.76444348595372,10.14,89.86
43.43487935325868,-73.26444348595373,10.13,89.87
43.43487935325868,-91.26444348595372,10.1,89.9
38.43487935325868,-91.76444348595372,10.09,89.91
32.43487935325868,-82.26444348595373,10.07,89.93
35.93487935325868,-79.26444348595373,10.06,89.94
41.43487935325868,-122.76444348595372,10.05,89.95
46.43487935325868,-90.76444348595372,9.99,90.01
38.93487935325868,-119.26444348595372,9.94,90.06
40.43487935325868,-78.76444348595373,9.89,90.11
33.43487935325868,-101.26444348595372,9.87,90.13
31.93487935325868,-84.76444348595373,9.86,90.14
38.93487935325868,-84.76444348595373,9.85,90.15
38.93487935325868,-77.76444348595373,9.83,90.17
40.93487935325868,-109.76444348595372,9.79,90.21
38.93487935325868,-111.26444348595372,9.77,90.23
46.93487935325868,-120.26444348595372,9.69,90.31
33.93487935325868,-113.26444348595372,9.68,90.32
44.93487935325868,-106.76444348595372,9.67,90.33
32.93487935325868,-80.76444348595373,9.62,90.38
36.43487935325868,-86.76444348595373,9.6,90.4
39.43487935325868,-107.26444348595372,9.59,90.41
48.93487935325868,-109.26444348595372,9.56,90.44
35.93487935325868,-95.76444348595372,9.54,90.46
29.43487935325868,-97.26444348595372,9.53,90.47
35.43487935325868,-86.76444348595373,9.52,90.48
41.43487935325868,-74.26444348595373,9.47,90.53
45.43487935325868,-90.76444348595372,9.45,90.55
35.43487935325868,-96.76444348595372,9.38,90.62
40.43487935325868,-107.76444348595372,9.37,90.63
37.43487935325868,-96.26444348595372,9.33,90.67
40.93487935325868,-103.76444348595372,9.31,90.69
46.43487935325868,-108.26444348595372,9.27,90.73
33.43487935325868,-89.76444348595373,9.27,90.73
32.43487935325868,-86.26444348595373,9.26,90.74
36.93487935325868,-95.26444348595372,9.25,90.75
35.93487935325868,-105.26444348595372,9.17,90.83
44.43487935325868,-109.26444348595372,9.12,90.88
44.93487935325868,-85.26444348595373,9.08,90.92
32.93487935325868,-90.26444348595372,9.07,90.93
40.43487935325868,-76.76444348595373,9.07,90.93
30.43487935325868,-91.76444348595372,9.04,90.96
35.93487935325868,-80.26444348595373,9.03,90.97
34.93487935325868,-89.76444348595373,8.98,91.02
42.43487935325868,-83.76444348595373,8.94,91.06
42.43487935325868,-74.76444348595373,8.88,91.12
37.43487935325868,-80.26444348595373,8.83,91.17
38.43487935325868,-96.76444348595372,8.8,91.2
37.93487935325868,-96.76444348595372,8.78,91.22
31.43487935325868,-98.26444348595372,8.77,91.23
36.43487935325868,-78.76444348595373,8.76,91.24
36.93487935325868,-78.26444348595373,8.71,91.29
47.43487935325868,-106.76444348595372,8.71,91.29
32.43487935325868,-81.26444348595373,8.7,91.3
39.43487935325868,-81.76444348595373,8.69,91.31
35.93487935325868,-99.76444348595372,8.69,91.31
28.93487935325868,-95.76444348595372,8.67,91.33
28.43487935325868,-81.76444348595373,8.66,91.34
32.93487935325868,-101.26444348595372,8.64,91.36
42.93487935325868,-111.76444348595372,8.63,91.37
34.43487935325868,-104.26444348595372,8.63,91.37
45.93487935325868,-121.26444348595372,8.62,91.38
34.43487935325868,-85.76444348595373,8.62,91.38
47.93487935325868,-119.26444348595372,8.6,91.4
39.43487935325868,-112.26444348595372,8.59,91.41
40.43487935325868,-122.26444348595372,8.57,91.43
45.93487935325868,-87.26444348595373,8.52,91.48
37.43487935325868,-76.26444348595373,8.52,91.48
46.43487935325868,-109.26444348595372,8.51,91.49
44.43487935325868,-72.26444348595373,8.48,91.52
44.93487935325868,-105.26444348595372,8.43,91.57
46.93487935325868,-94.76444348595372,8.37,91.63
31.43487935325868,-92.76444348595372,8.33,91.67
41.93487935325868,-72.76444348595373,8.32,91.68
31.43487935325868,-97.76444348595372,8.25,91.75
31.43487935325868,-101.76444348595372,8.23,91.77
36.93487935325868,-88.26444348595373,8.21,91.79
36.43487935325868,-99.76444348595372,8.2,91.8
44.43487935325868,-73.26444348595373,8.2,91.8
35.43487935325868,-93.76444348595372,8.19,91.81
31.43487935325868,-99.26444348595372,8.16,91.84
44.43487935325868,-69.76444348595373,8.15,91.85
34.43487935325868,-89.26444348595373,8.15,91.85
41.93487935325868,-70.76444348595373,8.15,91.85
45.43487935325868,-105.26444348595372,8.13,91.87
37.93487935325868,-80.26444348595373,7.97,92.03
42.93487935325868,-85.76444348595373,7.95,92.05
47.93487935325868,-107.76444348595372,7.86,92.14
30.43487935325868,-85.26444348595373,7.84,92.16
38.43487935325868,-76.26444348595373,7.84,92.16
33.43487935325868,-79.76444348595373,7.8,92.2
45.43487935325868,-123.26444348595372,7.79,92.21
41.43487935325868,-100.76444348595372,7.78,92.22
45.93487935325868,-103.76444348595372,7.76,92.24
36.43487935325868,-95.26444348595372,7.74,92.26
48.93487935325868,-113.26444348595372,7.72,92.28
42.43487935325868,-75.26444348595373,7.64,92.36
33.93487935325868,-97.26444348595372,7.63,92.37
29.93487935325868,-94.76444348595372,7.61,92.39
33.43487935325868,-86.26444348595373,7.6,92.4
37.93487935325868,-90.26444348595372,7.57,92.43
41.43487935325868,-117.76444348595372,7.53,92.47
29.93487935325868,-92.76444348595372,7.52,92.48
39.43487935325868,-107.76444348595372,7.49,92.51
36.43487935325868,-104.76444348595372,7.4,92.6
37.43487935325868,-79.26444348595373,7.4,92.6
33.43487935325868,-111.76444348595372,7.39,92.61
37.93487935325868,-120.76444348595372,7.36,92.64
44.93487935325868,-102.26444348595372,7.36,92.64
41.43487935325868,-72.76444348595373,7.34,92.66
39.93487935325868,-81.76444348595373,7.34,92.66
39.43487935325868,-76.76444348595373,7.34,92.66
35.43487935325868,-86.26444348595373,7.31,92.69
44.43487935325868,-118.76444348595372,7.28,92.72
30.43487935325868,-96.76444348595372,7.24,92.76
47.93487935325868,-108.26444348595372,7.22,92.78
43.43487935325868,-100.76444348595372,7.21,92.79
42.93487935325868,-113.76444348595372,7.19,92.81
47.43487935325868,-110.26444348595372,7.14,92.86
44.43487935325868,-90.76444348595372,7.13,92.87
38.93487935325868,-81.76444348595373,7.09,92.91
37.93487935325868,-78.26444348595373,7.08,92.92
32.43487935325868,-99.26444348595372,7.08,92.92
29.93487935325868,-96.76444348595372,7.07,92.93
32.43487935325868,-90.76444348595372,7.06,92.94
36.93487935325868,-96.76444348595372,7.06,92.94
37.93487935325868,-80.76444348595373,7.05,92.95
28.93487935325868,-99.26444348595372,7.02,92.98
43.93487935325868,-70.26444348595373,7.01,92.99
45.43487935325868,-87.76444348595373,7.0,93.0
34.43487935325868,-97.76444348595372,6.97,93.03
44.43487935325868,-105.26444348595372,6.96,93.04
41.93487935325868,-78.26444348595373,6.95,93.05
34.93487935325868,-84.76444348595373,6.94,93.06
43.93487935325868,-104.26444348595372,6.93,93.07
42.93487935325868,-100.76444348595372,6.88,93.12
40.93487935325868,-77.26444348595373,6.86,93.14
32.93487935325868,-98.26444348595372,6.86,93.14
43.43487935325868,-76.26444348595373,6.85,93.15
35.93487935325868,-79.76444348595373,6.8,93.2
26.43487935325868,-81.26444348595373,6.8,93.2
31.43487935325868,-98.76444348595372,6.74,93.26
32.93487935325868,-99.26444348595372,6.72,93.28
29.93487935325868,-95.76444348595372,6.7,93.3
44.43487935325868,-113.76444348595372,6.66,93.34
31.43487935325868,-85.76444348595373,6.61,93.39
42.43487935325868,-121.26444348595372,6.58,93.42
36.93487935325868,-100.26444348595372,6.54,93.46
38.93487935325868,-96.26444348595372,6.53,93.47
42.93487935325868,-73.76444348595373,6.52,93.48
45.93487935325868,-93.76444348595372,6.52,93.48
44.93487935325868,-69.76444348595373,6.47,93.53
32.43487935325868,-100.26444348595372,6.44,93.56
34.43487935325868,-86.76444348595373,6.44,93.56
38.93487935325868,-122.76444348595372,6.44,93.56
47.93487935325868,-117.26444348595372,6.43,93.57
38.43487935325868,-90.76444348595372,6.42,93.58
41.93487935325868,-88.26444348595373,6.34,93.66
46.43487935325868,-108.76444348595372,6.23,93.77
32.43487935325868,-104.26444348595372,6.22,93.78
39.43487935325868,-78.76444348595373,6.21,93.79
45.93487935325868,-105.76444348595372,6.19,93.81
40.43487935325868,-109.26444348595372,6.15,93.85
45.43487935325868,-108.26444348595372,6.15,93.85
47.43487935325868,-94.76444348595372,6.15,93.85
44.93487935325868,-105.76444348595372,6.12,93.88
36.43487935325868,-79.26444348595373,6.11,93.89
33.93487935325868,-96.26444348595372,6.1,93.9
48.93487935325868,-96.26444348595372,6.08,93.92
35.43487935325868,-84.76444348595373,6.07,93.93
33.93487935325868,-89.76444348595373,6.06,93.94
47.93487935325868,-118.26444348595372,6.02,93.98
36.93487935325868,-81.76444348595373,6.01,93.99
46.93487935325868,-114.26444348595372,6.01,93.99
32.43487935325868,-106.76444348595372,6.0,94.0
35.43487935325868,-81.76444348595373,5.99,94.01
33.43487935325868,-97.76444348595372,5.96,94.04
38.93487935325868,-84.26444348595373,5.93,94.07
41.43487935325868,-110.26444348595372,5.93,94.07
37.43487935325868,-84.26444348595373,5.92,94.08
41.43487935325868,-75.76444348595373,5.91,94.09
42.93487935325868,-99.76444348595372,5.91,94.09
43.93487935325868,-84.26444348595373,5.9,94.1
36.43487935325868,-108.26444348595372,5.9,94.1
41.43487935325868,-71.76444348595373,5.89,94.11
33.93487935325868,-85.76444348595373,5.85,94.15
32.93487935325868,-98.76444348595372,5.84,94.16
39.43487935325868,-80.26444348595373,5.83,94.17
36.43487935325868,-83.76444348595373,5.82,94.18
44.43487935325868,-70.26444348595373,5.79,94.21
44.43487935325868,-75.26444348595373,5.72,94.28
45.93487935325868,-92.76444348595372,5.7,94.3
44.43487935325868,-83.76444348595373,5.68,94.32
37.43487935325868,-121.26444348595372,5.67,94.33
41.43487935325868,-106.76444348595372,5.63,94.37
37.93487935325868,-78.76444348595373,5.62,94.38
39.93487935325868,-78.76444348595373,5.6,94.4
33.43487935325868,-81.76444348595373,5.57,94.43
45.43487935325868,-123.76444348595372,5.55,94.45
39.43487935325868,-78.26444348595373,5.55,94.45
33.93487935325868,-78.26444348595373,5.54,94.46
45.93487935325868,-111.76444348595372,5.5,94.5
33.93487935325868,-81.76444348595373,5.49,94.51
43.43487935325868,-118.76444348595372,5.49,94.51
45.43487935325868,-105.76444348595372,5.49,94.51
45.93487935325868,-91.76444348595372,5.47,94.53
36.93487935325868,-82.26444348595373,5.46,94.54
36.93487935325868,-95.76444348595372,5.44,94.56
32.43487935325868,-82.76444348595373,5.43,94.57
39.43487935325868,-117.26444348595372,5.43,94.57
31.93487935325868,-108.76444348595372,5.42,94.58
32.93487935325868,-88.26444348595373,5.4,94.6
41.93487935325868,-117.76444348595372,5.36,94.64
34.43487935325868,-82.76444348595373,5.36,94.64
45.43487935325868,-107.26444348595372,5.35,94.65
46.93487935325868,-105.26444348595372,5.35,94.65
42.93487935325868,-117.26444348595372,5.35,94.65
30.93487935325868,-99.26444348595372,5.31,94.69
43.43487935325868,-86.26444348595373,5.31,94.69
45.43487935325868,-111.76444348595372,5.29,94.71
44.93487935325868,-120.76444348595372,5.26,94.74
37.93487935325868,-96.26444348595372,5.26,94.74
47.43487935325868,-108.26444348595372,5.26,94.74
38.43487935325868,-84.76444348595373,5.24,94.76
31.93487935325868,-97.76444348595372,5.23,94.77
38.93487935325868,-78.76444348595373,5.22,94.78
36.43487935325868,-81.26444348595373,5.2,94.8
33.43487935325868,-80.26444348595373,5.18,94.82
37.43487935325868,-77.76444348595373,5.15,94.85
44.93487935325868,-88.76444348595373,5.13,94.87
37.43487935325868,-93.26444348595372,5.12,94.88
40.93487935325868,-120.26444348595372,5.12,94.88
45.43487935325868,-103.76444348595372,5.12,94.88
33.43487935325868,-117.26444348595372,5.1,94.9
44.93487935325868,-108.26444348595372,5.09,94.91
33.93487935325868,-83.26444348595373,5.09,94.91
41.43487935325868,-101.26444348595372,5.09,94.91
48.43487935325868,-117.76444348595372,5.07,94.93
45.43487935325868,-84.26444348595373,5.07,94.93
43.93487935325868,-72.76444348595373,5.05,94.95
41.43487935325868,-104.76444348595372,5.04,94.96
32.93487935325868,-95.26444348595372,5.02,94.98
47.93487935325868,-94.26444348595372,5.01,94.99
40.43487935325868,-111.76444348595372,5.0,95.0
34.93487935325868,-92.76444348595372,5.0,95.0
34.43487935325868,-100.76444348595372,4.99,95.01
40.93487935325868,-72.76444348595373,4.99,95.01
40.93487935325868,-74.76444348595373,4.98,95.02
36.43487935325868,-79.76444348595373,4.97,95.03
31.43487935325868,-86.76444348595373,4.97,95.03
40.93487935325868,-78.76444348595373,4.97,95.03
42.43487935325868,-104.26444348595372,4.93,95.07
35.43487935325868,-79.26444348595373,4.91,95.09
44.43487935325868,-117.76444348595372,4.89,95.11
34.93487935325868,-118.76444348595372,4.88,95.12
45.43487935325868,-90.26444348595372,4.88,95.12
44.43487935325868,-114.26444348595372,4.86,95.14
34.43487935325868,-87.76444348595373,4.86,95.14
30.43487935325868,-93.26444348595372,4.85,95.15
33.93487935325868,-86.26444348595373,4.85,95.15
47.93487935325868,-122.26444348595372,4.84,95.16
32.43487935325868,-98.76444348595372,4.83,95.17
41.43487935325868,-79.76444348595373,4.82,95.18
32.93487935325868,-95.76444348595372,4.81,95.19
42.43487935325868,-110.26444348595372,4.8,95.2
32.43487935325868,-98.26444348595372,4.77,95.23
43.93487935325868,-113.76444348595372,4.76,95.24
44.93487935325868,-104.26444348595372,4.75,95.25
37.93487935325868,-93.26444348595372,4.74,95.26
40.93487935325868,-115.26444348595372,4.71,95.29
32.93487935325868,-115.76444348595372,4.71,95.29
41.43487935325868,-105.76444348595372,4.7,95.3
45.43487935325868,-110.76444348595372,4.68,95.32
29.93487935325868,-96.26444348595372,4.67,95.33
38.93487935325868,-78.26444348595373,4.66,95.34
42.43487935325868,-75.76444348595373,4.66,95.34
40.93487935325868,-75.26444348595373,4.64,95.36
41.93487935325868,-120.26444348595372,4.64,95.36
33.43487935325868,-88.76444348595373,4.61,95.39
38.93487935325868,-83.26444348595373,4.59,95.41
45.43487935325868,-104.26444348595372,4.59,95.41
43.93487935325868,-75.26444348595373,4.59,95.41
39.43487935325868,-76.26444348595373,4.57,95.43
40.43487935325868,-81.26444348595373,4.57,95.43
34.43487935325868,-83.26444348595373,4.57,95.43
42.43487935325868,-99.76444348595372,4.56,95.44
45.93487935325868,-107.26444348595372,4.5,95.5
43.93487935325868,-105.76444348595372,4.47,95.53
45.93487935325868,-107.76444348595372,4.45,95.55
33.93487935325868,-87.76444348595373,4.44,95.56
35.43487935325868,-87.76444348595373,4.41,95.59
35.93487935325868,-87.26444348595373,4.4,95.6
30.93487935325868,-104.76444348595372,4.38,95.62
46.93487935325868,-105.76444348595372,4.38,95.62
32.93487935325868,-97.26444348595372,4.37,95.63
38.93487935325868,-76.76444348595373,4.36,95.64
37.93487935325868,-83.26444348595373,4.34,95.66
48.43487935325868,-114.26444348595372,4.33,95.67
31.93487935325868,-85.76444348595373,4.31,95.69
36.43487935325868,-95.76444348595372,4.3,95.7
31.93487935325868,-95.76444348595372,4.3,95.7
43.93487935325868,-116.26444348595372,4.3,95.7
47.43487935325868,-114.76444348595372,4.3,95.7
37.43487935325868,-105.76444348595372,4.28,95.72
47.43487935325868,-106.26444348595372,4.27,95.73
43.93487935325868,-103.26444348595372,4.26,95.74
32.93487935325868,-89.76444348595373,4.24,95.76
27.93487935325868,-80.76444348595373,4.24,95.76
29.93487935325868,-82.26444348595373,4.23,95.77
32.43487935325868,-85.26444348595373,4.23,95.77
31.93487935325868,-90.76444348595372,4.23,95.77
41.43487935325868,-101.76444348595372,4.23,95.77
43.43487935325868,-102.26444348595372,4.22,95.78
31.93487935325868,-107.76444348595372,4.22,95.78
34.43487935325868,-77.76444348595373,4.22,95.78
39.43487935325868,-79.26444348595373,4.22,95.78
42.93487935325868,-101.26444348595372,4.2,95.8
36.43487935325868,-82.76444348595373,4.19,95.81
44.43487935325868,-69.26444348595373,4.18,95.82
44.43487935325868,-103.76444348595372,4.18,95.82
47.93487935325868,-117.76444348595372,4.17,95.83
35.43487935325868,-80.76444348595373,4.16,95.84
45.93487935325868,-68.26444348595373,4.16,95.84
34.43487935325868,-84.76444348595373,4.14,95.86
40.93487935325868,-119.26444348595372,4.14,95.86
42.43487935325868,-73.26444348595373,4.11,95.89
35.43487935325868,-84.26444348595373,4.1,95.9
42.43487935325868,-71.76444348595373,4.09,95.91
43.93487935325868,-105.26444348595372,4.08,95.92
45.93487935325868,-106.76444348595372,4.08,95.92
39.93487935325868,-80.26444348595373,4.07,95.93
45.43487935325868,-112.76444348595372,4.07,95.93
36.43487935325868,-87.76444348595373,4.06,95.94
40.93487935325868,-111.76444348595372,4.05,95.95
43.93487935325868,-72.26444348595373,4.05,95.95
41.43487935325868,-118.76444348595372,4.05,95.95
27.43487935325868,-82.26444348595373,4.04,95.96
36.43487935325868,-82.26444348595373,4.03,95.97
41.43487935325868,-79.26444348595373,4.03,95.97
41.93487935325868,-73.26444348595373,4.02,95.98
37.43487935325868,-92.76444348595372,4.0,96.0
43.43487935325868,-112.76444348595372,3.99,96.01
34.93487935325868,-96.26444348595372,3.98,96.02
44.93487935325868,-74.76444348595373,3.97,96.03
43.93487935325868,-117.76444348595372,3.96,96.04
35.43487935325868,-82.26444348595373,3.94,96.06
34.43487935325868,-119.26444348595372,3.93,96.07
35.93487935325868,-96.76444348595372,3.9,96.1
39.43487935325868,-79.76444348595373,3.9,96.1
45.43487935325868,-103.26444348595372,3.88,96.12
40.43487935325868,-80.76444348595373,3.87,96.13
40.43487935325868,-110.76444348595372,3.87,96.13
33.43487935325868,-94.76444348595372,3.86,96.14
48.43487935325868,-112.76444348595372,3.84,96.16
33.93487935325868,-95.76444348595372,3.84,96.16
40.93487935325868,-118.26444348595372,3.82,96.18
46.43487935325868,-111.26444348595372,3.82,96.18
40.43487935325868,-80.26444348595373,3.8,96.2
35.93487935325868,-86.76444348595373,3.79,96.21
38.93487935325868,-81.26444348595373,3.79,96.21
41.43487935325868,-81.26444348595373,3.78,96.22
39.93487935325868,-80.76444348595373,3.77,96.23
36.43487935325868,-80.26444348595373,3.77,96.23
36.43487935325868,-81.76444348595373,3.77,96.23
44.43487935325868,-106.26444348595372,3.77,96.23
43.43487935325868,-109.26444348595372,3.75,96.25
35.93487935325868,-83.76444348595373,3.74,96.26
34.43487935325868,-86.26444348595373,3.73,96.27
35.93487935325868,-83.26444348595373,3.72,96.28
43.93487935325868,-113.26444348595372,3.72,96.28
41.43487935325868,-77.26444348595373,3.71,96.29
45.43487935325868,-104.76444348595372,3.7,96.3
43.93487935325868,-104.76444348595372,3.7,96.3
34.93487935325868,-81.26444348595373,3.68,96.32
34.43487935325868,-82.26444348595373,3.68,96.32
32.43487935325868,-85.76444348595373,3.66,96.34
30.93487935325868,-99.76444348595372,3.65,96.35
36.43487935325868,-85.76444348595373,3.64,96.36
33.43487935325868,-100.26444348595372,3.63,96.37
29.93487935325868,-97.26444348595372,3.62,96.38
32.93487935325868,-86.76444348595373,3.62,96.38
34.93487935325868,-88.76444348595373,3.61,96.39
38.93487935325868,-82.26444348595373,3.61,96.39
43.93487935325868,-106.76444348595372,3.58,96.42
34.93487935325868,-86.26444348595373,3.57,96.43
37.93487935325868,-106.26444348595372,3.57,96.43
44.43487935325868,-68.76444348595373,3.56,96.44
28.43487935325868,-98.26444348595372,3.51,96.49
33.43487935325868,-98.26444348595372,3.51,96.49
37.93487935325868,-85.76444348595373,3.51,96.49
32.93487935325868,-113.26444348595372,3.5,96.5
38.93487935325868,-111.76444348595372,3.5,96.5
45.43487935325868,-117.76444348595372,3.5,96.5
42.93487935325868,-104.26444348595372,3.49,96.51
30.43487935325868,-82.76444348595373,3.49,96.51
38.43487935325868,-79.76444348595373,3.47,96.53
33.43487935325868,-89.26444348595373,3.45,96.55
43.43487935325868,-72.26444348595373,3.45,96.55
32.93487935325868,-87.26444348595373,3.45,96.55
28.93487935325868,-97.26444348595372,3.43,96.57
46.93487935325868,-110.26444348595372,3.43,96.57
34.93487935325868,-80.76444348595373,3.43,96.57
44.43487935325868,-70.76444348595373,3.43,96.57
41.93487935325868,-99.76444348595372,3.42,96.58
35.93487935325868,-81.26444348595373,3.41,96.59
34.43487935325868,-89.76444348595373,3.41,96.59
42.43487935325868,-72.76444348595373,3.4,96.6
37.43487935325868,-113.26444348595372,3.39,96.61
36.93487935325868,-96.26444348595372,3.33,96.67
47.93487935325868,-94.76444348595372,3.31,96.69
34.43487935325868,-88.26444348595373,3.3,96.7
38.93487935325868,-86.76444348595373,3.29,96.71
46.43487935325868,-105.26444348595372,3.29,96.71
46.93487935325868,-68.26444348595373,3.27,96.73
38.93487935325868,-107.76444348595372,3.26,96.74
47.93487935325868,-120.26444348595372,3.25,96.75
41.93487935325868,-73.76444348595373,3.24,96.76
37.93487935325868,-83.76444348595373,3.22,96.78
27.93487935325868,-82.26444348595373,3.22,96.78
40.43487935325868,-115.26444348595372,3.22,96.78
41.43487935325868,-73.26444348595373,3.21,96.79
44.43487935325868,-119.26444348595372,3.21,96.79
33.93487935325868,-88.26444348595373,3.2,96.8
34.43487935325868,-85.26444348595373,3.2,96.8
35.43487935325868,-79.76444348595373,3.2,96.8
44.43487935325868,-72.76444348595373,3.18,96.82
38.93487935325868,-79.26444348595373,3.17,96.83
28.93487935325868,-81.76444348595373,3.17,96.83
43.43487935325868,-123.26444348595372,3.17,96.83
42.43487935325868,-74.26444348595373,3.14,96.86
39.93487935325868,-107.76444348595372,3.13,96.87
42.43487935325868,-103.76444348595372,3.12,96.88
44.43487935325868,-122.76444348595372,3.11,96.89
43.43487935325868,-75.26444348595373,3.1,96.9
32.43487935325868,-95.76444348595372,3.09,96.91
40.93487935325868,-121.26444348595372,3.08,96.92
43.43487935325868,-102.76444348595372,3.08,96.92
30.93487935325868,-95.76444348595372,3.08,96.92
34.43487935325868,-119.76444348595372,3.07,96.93
34.43487935325868,-81.76444348595373,3.07,96.93
42.43487935325868,-120.26444348595372,3.07,96.93
39.43487935325868,-108.26444348595372,3.06,96.94
33.93487935325868,-117.26444348595372,3.06,96.94
35.43487935325868,-85.26444348595373,3.06,96.94
33.93487935325868,-113.76444348595372,3.06,96.94
44.43487935325868,-118.26444348595372,3.05,96.95
44.93487935325868,-67.76444348595373,3.04,96.96
45.43487935325868,-109.76444348595372,3.03,96.97
37.93487935325868,-103.26444348595372,3.01,96.99
33.93487935325868,-96.76444348595372,3.01,96.99
47.93487935325868,-109.26444348595372,2.99,97.01
42.93487935325868,-71.76444348595373,2.98,97.02
30.93487935325868,-97.76444348595372,2.98,97.02
33.93487935325868,-82.76444348595373,2.98,97.02
38.43487935325868,-83.26444348595373,2.97,97.03
31.93487935325868,-100.76444348595372,2.95,97.05
45.43487935325868,-106.26444348595372,2.93,97.07
34.43487935325868,-118.76444348595372,2.92,97.08
29.93487935325868,-98.76444348595372,2.91,97.09
45.93487935325868,-109.76444348595372,2.91,97.09
41.93487935325868,-71.76444348595373,2.91,97.09
30.93487935325868,-86.76444348595373,2.9,97.1
31.43487935325868,-95.76444348595372,2.9,97.1
45.93487935325868,-106.26444348595372,2.89,97.11
38.43487935325868,-105.26444348595372,2.89,97.11
36.43487935325868,-83.26444348595373,2.89,97.11
34.93487935325868,-79.76444348595373,2.88,97.12
32.43487935325868,-102.26444348595372,2.86,97.14
35.43487935325868,-120.26444348595372,2.83,97.17
33.43487935325868,-83.76444348595373,2.83,97.17
30.93487935325868,-90.26444348595372,2.81,97.19
32.93487935325868,-100.76444348595372,2.81,97.19
43.43487935325868,-72.76444348595373,2.81,97.19
48.93487935325868,-106.76444348595372,2.79,97.21
42.93487935325868,-109.76444348595372,2.79,97.21
48.43487935325868,-117.26444348595372,2.78,97.22
38.93487935325868,-118.76444348595372,2.78,97.22
33.43487935325868,-85.26444348595373,2.77,97.23
44.93487935325868,-108.76444348595372,2.77,97.23
31.43487935325868,-91.26444348595372,2.77,97.23
48.93487935325868,-119.26444348595372,2.77,97.23
33.43487935325868,-88.26444348595373,2.77,97.23
32.43487935325868,-111.76444348595372,2.77,97.23
48.43487935325868,-118.26444348595372,2.77,97.23
42.43487935325868,-105.26444348595372,2.76,97.24
45.43487935325868,-122.76444348595372,2.74,97.26
34.43487935325868,-83.76444348595373,2.73,97.27
30.93487935325868,-98.76444348595372,2.73,97.27
45.93487935325868,-120.76444348595372,2.72,97.28
45.43487935325868,-88.76444348595373,2.72,97.28
32.43487935325868,-97.76444348595372,2.7,97.3
31.93487935325868,-86.26444348595373,2.7,97.3
35.93487935325868,-100.26444348595372,2.69,97.31
37.43487935325868,-93.76444348595372,2.69,97.31
42.93487935325868,-72.26444348595373,2.65,97.35
44.93487935325868,-68.76444348595373,2.65,97.35
38.43487935325868,-82.26444348595373,2.64,97.36
41.93487935325868,-113.76444348595372,2.64,97.36
42.43487935325868,-122.76444348595372,2.62,97.38
31.93487935325868,-87.26444348595373,2.59,97.41
41.43487935325868,-118.26444348595372,2.59,97.41
33.43487935325868,-85.76444348595373,2.57,97.43
29.43487935325868,-96.76444348595372,2.55,97.45
45.93487935325868,-112.26444348595372,2.55,97.45
46.43487935325868,-87.26444348595373,2.55,97.45
32.93487935325868,-107.26444348595372,2.53,97.47
34.43487935325868,-96.26444348595372,2.52,97.48
33.93487935325868,-87.26444348595373,2.52,97.48
42.93487935325868,-104.76444348595372,2.52,97.48
40.93487935325868,-78.26444348595373,2.51,97.49
47.43487935325868,-103.76444348595372,2.51,97.49
41.93487935325868,-72.26444348595373,2.51,97.49
41.93487935325868,-71.26444348595373,2.51,97.49
33.93487935325868,-81.26444348595373,2.51,97.49
44.43487935325868,-71.76444348595373,2.5,97.5
33.43487935325868,-82.76444348595373,2.49,97.51
35.43487935325868,-85.76444348595373,2.49,97.51
43.43487935325868,-103.76444348595372,2.48,97.52
41.93487935325868,-75.76444348595373,2.47,97.53
43.43487935325868,-70.76444348595373,2.47,97.53
38.43487935325868,-112.26444348595372,2.47,97.53
33.43487935325868,-83.26444348595373,2.47,97.53
43.43487935325868,-119.26444348595372,2.46,97.54
30.93487935325868,-82.76444348595373,2.46,97.54
29.43487935325868,-97.76444348595372,2.46,97.54
28.93487935325868,-82.26444348595373,2.45,97.55
44.93487935325868,-68.26444348595373,2.43,97.57
36.93487935325868,-99.26444348595372,2.43,97.57
39.43487935325868,-104.26444348595372,2.41,97.59
30.93487935325868,-87.76444348595373,2.41,97.59
26.43487935325868,-81.76444348595373,2.4,97.6
35.43487935325868,-95.26444348595372,2.39,97.61
42.93487935325868,-103.26444348595372,2.37,97.63
32.43487935325868,-90.26444348595372,2.36,97.64
44.93487935325868,-103.76444348595372,2.34,97.66
33.93487935325868,-83.76444348595373,2.34,97.66
33.43487935325868,-94.26444348595372,2.32,97.68
48.93487935325868,-116.26444348595372,2.31,97.69
28.43487935325868,-97.26444348595372,2.31,97.69
39.93487935325868,-113.76444348595372,2.3,97.7
35.43487935325868,-120.76444348595372,2.3,97.7
40.93487935325868,-111.26444348595372,2.29,97.71
39.43487935325868,-80.76444348595373,2.29,97.71
32.43487935325868,-96.26444348595372,2.27,97.73
33.93487935325868,-106.76444348595372,2.26,97.74
35.43487935325868,-100.76444348595372,2.26,97.74
32.93487935325868,-97.76444348595372,2.25,97.75
36.43487935325868,-84.76444348595373,2.25,97.75
45.93487935325868,-89.26444348595373,2.25,97.75
42.93487935325868,-103.76444348595372,2.24,97.76
33.93487935325868,-86.76444348595373,2.24,97.76
41.93487935325868,-118.26444348595372,2.24,97.76
41.43487935325868,-120.26444348595372,2.21,97.79
33.93487935325868,-103.76444348595372,2.21,97.79
35.43487935325868,-97.26444348595372,2.2,97.8
39.93487935325868,-108.26444348595372,2.19,97.81
38.93487935325868,-80.76444348595373,2.18,97.82
36.93487935325868,-82.76444348595373,2.17,97.83
38.93487935325868,-112.26444348595372,2.17,97.83
31.43487935325868,-109.76444348595372,2.16,97.84
38.93487935325868,-108.26444348595372,2.15,97.85
31.93487935325868,-95.26444348595372,2.14,97.86
35.43487935325868,-96.26444348595372,2.11,97.89
37.43487935325868,-91.76444348595372,2.11,97.89
40.93487935325868,-72.26444348595373,2.11,97.89
30.43487935325868,-83.76444348595373,2.1,97.9
45.93487935325868,-105.26444348595372,2.1,97.9
42.93487935325868,-71.26444348595373,2.08,97.92
42.93487935325868,-123.26444348595372,2.06,97.94
35.43487935325868,-118.76444348595372,2.06,97.94
43.43487935325868,-75.76444348595373,2.05,97.95
42.93487935325868,-72.76444348595373,2.03,97.97
34.93487935325868,-116.76444348595372,2.03,97.97
35.43487935325868,-95.76444348595372,2.02,97.98
45.93487935325868,-92.26444348595372,2.01,97.99
34.43487935325868,-106.76444348595372,2.01,97.99
32.93487935325868,-87.76444348595373,2.01,97.99
43.93487935325868,-107.26444348595372,1.99,98.01
44.93487935325868,-70.26444348595373,1.99,98.01
36.93487935325868,-121.26444348595372,1.99,98.01
31.43487935325868,-96.26444348595372,1.99,98.01
31.93487935325868,-86.76444348595373,1.98,98.02
39.43487935325868,-114.76444348595372,1.96,98.04
46.43487935325868,-92.76444348595372,1.96,98.04
38.43487935325868,-81.76444348595373,1.95,98.05
37.43487935325868,-83.76444348595373,1.95,98.05
44.93487935325868,-109.26444348595372,1.94,98.06
43.43487935325868,-113.76444348595372,1.94,98.06
42.93487935325868,-118.76444348595372,1.93,98.07
31.43487935325868,-100.76444348595372,1.92,98.08
42.93487935325868,-120.76444348595372,1.91,98.09
38.93487935325868,-80.26444348595373,1.9,98.1
32.93487935325868,-83.26444348595373,1.89,98.11
43.43487935325868,-71.76444348595373,1.88,98.12
31.93487935325868,-85.26444348595373,1.88,98.12
40.93487935325868,-107.76444348595372,1.88,98.12
39.43487935325868,-104.76444348595372,1.87,98.13
39.93487935325868,-106.76444348595372,1.87,98.13
31.43487935325868,-89.26444348595373,1.87,98.13
35.93487935325868,-95.26444348595372,1.85,98.15
42.93487935325868,-116.26444348595372,1.85,98.15
35.93487935325868,-120.76444348595372,1.83,98.17
41.43487935325868,-72.26444348595373,1.83,98.17
45.93487935325868,-122.76444348595372,1.83,98.17
40.93487935325868,-75.76444348595373,1.78,98.22
44.93487935325868,-67.26444348595373,1.78,98.22
47.93487935325868,-116.76444348595372,1.77,98.23
37.43487935325868,-108.26444348595372,1.77,98.23
30.43487935325868,-99.76444348595372,1.77,98.23
38.43487935325868,-120.76444348595372,1.75,98.25
37.43487935325868,-81.26444348595373,1.73,98.27
41.93487935325868,-118.76444348595372,1.71,98.29
37.93487935325868,-92.26444348595372,1.7,98.3
43.43487935325868,-71.26444348595373,1.7,98.3
30.93487935325868,-103.76444348595372,1.7,98.3
32.93487935325868,-84.26444348595373,1.69,98.31
46.43487935325868,-111.76444348595372,1.69,98.31
31.93487935325868,-90.26444348595372,1.69,98.31
45.43487935325868,-89.76444348595373,1.69,98.31
38.43487935325868,-80.76444348595373,1.69,98.31
44.93487935325868,-117.26444348595372,1.68,98.32
37.93487935325868,-114.26444348595372,1.68,98.32
33.93487935325868,-85.26444348595373,1.68,98.32
41.93487935325868,-113.26444348595372,1.68,98.32
40.43487935325868,-112.76444348595372,1.68,98.32
38.93487935325868,-115.76444348595372,1.67,98.33
37.93487935325868,-91.76444348595372,1.66,98.34
34.93487935325868,-83.76444348595373,1.66,98.34
40.43487935325868,-120.26444348595372,1.65,98.35
28.43487935325868,-99.26444348595372,1.64,98.36
30.93487935325868,-88.26444348595373,1.64,98.36
30.43487935325868,-82.26444348595373,1.63,98.37
30.93487935325868,-102.26444348595372,1.63,98.37
45.93487935325868,-87.76444348595373,1.63,98.37
44.43487935325868,-120.76444348595372,1.61,98.39
31.43487935325868,-89.76444348595373,1.61,98.39
44.93487935325868,-100.76444348595372,1.61,98.39
31.93487935325868,-96.26444348595372,1.61,98.39
39.43487935325868,-119.76444348595372,1.6,98.4
35.93487935325868,-84.76444348595373,1.58,98.42
26.43487935325868,-80.26444348595373,1.58,98.42
30.43487935325868,-98.76444348595372,1.58,98.42
47.43487935325868,-107.76444348595372,1.57,98.43
33.43487935325868,-87.76444348595373,1.57,98.43
42.43487935325868,-104.76444348595372,1.56,98.44
46.43487935325868,-89.26444348595373,1.56,98.44
38.43487935325868,-79.26444348595373,1.55,98.45
38.43487935325868,-82.76444348595373,1.54,98.46
43.43487935325868,-118.26444348595372,1.54,98.46
46.93487935325868,-112.76444348595372,1.54,98.46
48.93487935325868,-119.76444348595372,1.53,98.47
26.93487935325868,-80.26444348595373,1.52,98.48
39.43487935325868,-115.76444348595372,1.52,98.48
43.43487935325868,-104.26444348595372,1.51,98.49
43.93487935325868,-108.26444348595372,1.51,98.49
32.93487935325868,-85.26444348595373,1.49,98.51
39.93487935325868,-117.26444348595372,1.48,98.52
48.93487935325868,-107.26444348595372,1.48,98.52
34.93487935325868,-119.76444348595372,1.48,98.52
44.93487935325868,-106.26444348595372,1.48,98.52
34.93487935325868,-84.26444348595373,1.48,98.52
30.93487935325868,-96.26444348595372,1.48,98.52
28.43487935325868,-99.76444348595372,1.47,98.53
46.43487935325868,-113.26444348595372,1.47,98.53
45.43487935325868,-122.26444348595372,1.46,98.54
45.93487935325868,-88.26444348595373,1.44,98.56
31.93487935325868,-103.26444348595372,1.42,98.58
39.93487935325868,-105.26444348595372,1.42,98.58
31.93487935325868,-89.76444348595373,1.42,98.58
38.93487935325868,-122.26444348595372,1.42,98.58
35.43487935325868,-94.76444348595372,1.41,98.59
41.43487935325868,-76.76444348595373,1.41,98.59
45.43487935325868,-119.26444348595372,1.41,98.59
37.93487935325868,-79.76444348595373,1.41,98.59
36.93487935325868,-93.26444348595372,1.39,98.61
45.43487935325868,-84.76444348595373,1.39,98.61
33.43487935325868,-82.26444348595373,1.39,98.61
40.93487935325868,-115.76444348595372,1.39,98.61
42.43487935325868,-71.26444348595373,1.36,98.64
33.93487935325868,-93.26444348595372,1.36,98.64
37.43487935325868,-104.26444348595372,1.36,98.64
26.93487935325868,-81.26444348595373,1.35,98.65
37.93487935325868,-81.26444348595373,1.34,98.66
40.43487935325868,-105.26444348595372,1.34,98.66
46.93487935325868,-107.76444348595372,1.34,98.66
45.43487935325868,-68.26444348595373,1.33,98.67
42.43487935325868,-121.76444348595372,1.33,98.67
31.93487935325868,-81.76444348595373,1.32,98.68
32.43487935325868,-107.26444348595372,1.29,98.71
39.43487935325868,-74.76444348595373,1.29,98.71
41.93487935325868,-105.26444348595372,1.29,98.71
26.93487935325868,-98.26444348595372,1.28,98.72
34.93487935325868,-85.26444348595373,1.27,98.73
44.93487935325868,-84.26444348595373,1.27,98.73
48.93487935325868,-118.76444348595372,1.26,98.74
37.43487935325868,-103.26444348595372,1.26,98.74
34.43487935325868,-81.26444348595373,1.25,98.75
36.93487935325868,-108.26444348595372,1.25,98.75
40.93487935325868,-121.76444348595372,1.25,98.75
43.93487935325868,-118.26444348595372,1.24,98.76
33.93487935325868,-93.76444348595372,1.24,98.76
33.43487935325868,-91.76444348595372,1.24,98.76
44.93487935325868,-71.76444348595373,1.24,98.76
35.43487935325868,-91.76444348595372,1.23,98.77
43.93487935325868,-123.26444348595372,1.23,98.77
26.93487935325868,-97.76444348595372,1.22,98.78
47.43487935325868,-93.76444348595372,1.22,98.78
43.93487935325868,-69.76444348595373,1.2,98.8
34.43487935325868,-97.26444348595372,1.2,98.8
33.43487935325868,-84.26444348595373,1.19,98.81
35.93487935325868,-100.76444348595372,1.18,98.82
38.43487935325868,-119.26444348595372,1.17,98.83
37.93487935325868,-92.76444348595372,1.17,98.83
39.43487935325868,-82.26444348595373,1.17,98.83
47.93487935325868,-114.26444348595372,1.16,98.84
38.43487935325868,-105.76444348595372,1.16,98.84
40.93487935325868,-107.26444348595372,1.16,98.84
40.43487935325868,-79.76444348595373,1.15,98.85
34.93487935325868,-96.76444348595372,1.15,98.85
38.43487935325868,-106.76444348595372,1.12,98.88
37.93487935325868,-91.26444348595372,1.11,98.89
42.43487935325868,-100.26444348595372,1.11,98.89
34.93487935325868,-114.76444348595372,1.11,98.89
41.43487935325868,-78.76444348595373,1.11,98.89
31.93487935325868,-110.26444348595372,1.1,98.9
44.93487935325868,-113.76444348595372,1.08,98.92
40.43487935325868,-74.26444348595373,1.08,98.92
30.43487935325868,-84.76444348595373,1.08,98.92
41.43487935325868,-111.26444348595372,1.05,98.95
38.93487935325868,-94.76444348595372,1.05,98.95
29.43487935325868,-99.76444348595372,1.05,98.95
31.43487935325868,-90.26444348595372,1.05,98.95
46.43487935325868,-91.26444348595372,1.04,98.96
41.43487935325868,-75.26444348595373,1.04,98.96
35.93487935325868,-85.26444348595373,1.03,98.97
30.43487935325868,-84.26444348595373,1.03,98.97
37.43487935325868,-107.76444348595372,1.02,98.98
40.43487935325868,-108.26444348595372,1.02,98.98
34.93487935325868,-88.26444348595373,1.01,98.99
44.43487935325868,-105.76444348595372,1.01,98.99
48.43487935325868,-113.26444348595372,1.01,98.99
46.93487935325868,-122.76444348595372,1.0,99.0
43.93487935325868,-70.76444348595373,1.0,99.0
35.93487935325868,-84.26444348595373,1.0,99.0
40.43487935325868,-111.26444348595372,0.98,99.02
28.43487935325868,-100.26444348595372,0.97,99.03
42.43487935325868,-72.26444348595373,0.97,99.03
35.43487935325868,-102.26444348595372,0.97,99.03
35.93487935325868,-120.26444348595372,0.97,99.03
46.43487935325868,-122.76444348595372,0.96,99.04
44.93487935325868,-120.26444348595372,0.96,99.04
36.93487935325868,-84.26444348595373,0.95,99.05
40.43487935325868,-112.26444348595372,0.95,99.05
36.43487935325868,-94.76444348595372,0.94,99.06
36.43487935325868,-96.26444348595372,0.93,99.07
42.43487935325868,-99.26444348595372,0.93,99.07
35.93487935325868,-78.76444348595373,0.93,99.07
46.43487935325868,-114.26444348595372,0.93,99.07
27.93487935325868,-81.26444348595373,0.93,99.07
32.93487935325868,-89.26444348595373,0.92,99.08
32.93487935325868,-84.76444348595373,0.92,99.08
41.93487935325868,-101.26444348595372,0.92,99.08
41.93487935325868,-122.26444348595372,0.92,99.08
32.43487935325868,-95.26444348595372,0.92,99.08
30.93487935325868,-89.76444348595373,0.92,99.08
42.43487935325868,-108.76444348595372,0.92,99.08
35.93487935325868,-82.26444348595373,0.91,99.09
46.43487935325868,-110.76444348595372,0.91,99.09
30.43487935325868,-85.76444348595373,0.9,99.1
44.43487935325868,-68.26444348595373,0.9,99.1
43.43487935325868,-110.76444348595372,0.9,99.1
30.43487935325868,-95.76444348595372,0.9,99.1
40.43487935325868,-106.76444348595372,0.89,99.11
42.43487935325868,-102.26444348595372,0.89,99.11
34.93487935325868,-81.76444348595373,0.89,99.11
46.43487935325868,-93.76444348595372,0.89,99.11
43.93487935325868,-108.76444348595372,0.89,99.11
44.93487935325868,-71.26444348595373,0.89,99.11
44.93487935325868,-111.26444348595372,0.88,99.12
41.93487935325868,-111.26444348595372,0.88,99.12
29.43487935325868,-90.76444348595372,0.88,99.12
30.43487935325868,-99.26444348595372,0.87,99.13
40.43487935325868,-117.26444348595372,0.87,99.13
37.43487935325868,-90.26444348595372,0.85,99.15
42.93487935325868,-121.76444348595372,0.85,99.15
32.93487935325868,-85.76444348595373,0.85,99.15
41.93487935325868,-110.76444348595372,0.84,99.16
41.43487935325868,-78.26444348595373,0.84,99.16
38.93487935325868,-104.26444348595372,0.84,99.16
37.43487935325868,-106.26444348595372,0.84,99.16
40.93487935325868,-117.26444348595372,0.84,99.16
47.93487935325868,-107.26444348595372,0.83,99.17
42.43487935325868,-118.26444348595372,0.83,99.17
43.93487935325868,-69.26444348595373,0.83,99.17
44.43487935325868,-84.26444348595373,0.82,99.18
32.43487935325868,-93.76444348595372,0.82,99.18
43.93487935325868,-122.76444348595372,0.82,99.18
35.93487935325868,-96.26444348595372,0.82,99.18
44.93487935325868,-112.76444348595372,0.82,99.18
39.93487935325868,-81.26444348595373,0.81,99.19
36.43487935325868,-103.26444348595372,0.81,99.19
38.43487935325868,-110.76444348595372,0.81,99.19
29.43487935325868,-81.26444348595373,0.81,99.19
38.93487935325868,-79.76444348595373,0.81,99.19
29.93487935325868,-95.26444348595372,0.8,99.2
39.43487935325868,-81.26444348595373,0.8,99.2
48.43487935325868,-120.26444348595372,0.79,99.21
32.93487935325868,-110.76444348595372,0.78,99.22
41.43487935325868,-122.26444348595372,0.78,99.22
39.43487935325868,-123.26444348595372,0.78,99.22
42.43487935325868,-109.26444348595372,0.77,99.23
35.43487935325868,-93.26444348595372,0.77,99.23
34.93487935325868,-95.76444348595372,0.75,99.25
45.93487935325868,-114.26444348595372,0.75,99.25
46.43487935325868,-107.26444348595372,0.74,99.26
44.43487935325868,-74.26444348595373,0.74,99.26
45.93487935325868,-110.26444348595372,0.74,99.26
40.93487935325868,-110.26444348595372,0.74,99.26
29.43487935325868,-90.26444348595372,0.73,99.27
46.93487935325868,-111.26444348595372,0.73,99.27
37.93487935325868,-113.76444348595372,0.72,99.28
42.93487935325868,-78.76444348595373,0.71,99.29
30.93487935325868,-100.26444348595372,0.7,99.3
33.43487935325868,-105.26444348595372,0.7,99.3
38.43487935325868,-111.76444348595372,0.7,99.3
32.43487935325868,-89.26444348595373,0.7,99.3
44.43487935325868,-84.76444348595373,0.69,99.31
36.93487935325868,-103.76444348595372,0.68,99.32
33.43487935325868,-79.26444348595373,0.68,99.32
37.93487935325868,-105.76444348595372,0.67,99.33
34.43487935325868,-96.76444348595372,0.67,99.33
38.93487935325868,-117.26444348595372,0.66,99.34
40.93487935325868,-104.76444348595372,0.66,99.34
41.43487935325868,-105.26444348595372,0.66,99.34
36.93487935325868,-83.76444348595373,0.65,99.35
31.43487935325868,-92.26444348595372,0.65,99.35
45.93487935325868,-91.26444348595372,0.65,99.35
32.93487935325868,-104.26444348595372,0.65,99.35
43.93487935325868,-71.26444348595373,0.64,99.36
26.93487935325868,-99.26444348595372,0.64,99.36
46.93487935325868,-120.76444348595372,0.64,99.36
30.43487935325868,-100.76444348595372,0.63,99.37
31.93487935325868,-87.76444348595373,0.63,99.37
44.93487935325868,-84.76444348595373,0.63,99.37
37.43487935325868,-92.26444348595372,0.63,99.37
47.43487935325868,-92.76444348595372,0.62,99.38
36.43487935325868,-106.26444348595372,0.62,99.38
30.43487935325868,-97.76444348595372,0.62,99.38
36.93487935325868,-104.26444348595372,0.62,99.38
36.93487935325868,-103.26444348595372,0.62,99.38
41.43487935325868,-112.26444348595372,0.62,99.38
32.93487935325868,-86.26444348595373,0.62,99.38
45.43487935325868,-89.26444348595373,0.61,99.39
44.43487935325868,-73.76444348595373,0.61,99.39
44.43487935325868,-117.26444348595372,0.61,99.39
38.43487935325868,-103.76444348595372,0.6,99.4
28.43487935325868,-81.26444348595373,0.6,99.4
34.93487935325868,-82.26444348595373,0.6,99.4
40.43487935325868,-115.76444348595372,0.59,99.41
41.93487935325868,-102.76444348595372,0.59,99.41
37.93487935325868,-104.76444348595372,0.59,99.41
29.43487935325868,-82.26444348595373,0.59,99.41
34.93487935325868,-93.26444348595372,0.59,99.41
31.93487935325868,-106.76444348595372,0.59,99.41
31.43487935325868,-95.26444348595372,0.58,99.42
43.43487935325868,-106.76444348595372,0.57,99.43
38.43487935325868,-81.26444348595373,0.57,99.43
26.43487935325868,-97.26444348595372,0.57,99.43
43.93487935325868,-85.76444348595373,0.56,99.44
47.93487935325868,-106.76444348595372,0.56,99.44
30.43487935325868,-98.26444348595372,0.56,99.44
46.43487935325868,-94.26444348595372,0.55,99.45
33.93487935325868,-94.26444348595372,0.55,99.45
47.43487935325868,-112.76444348595372,0.55,99.45
32.93487935325868,-80.26444348595373,0.55,99.45
44.43487935325868,-111.76444348595372,0.55,99.45
36.43487935325868,-84.26444348595373,0.54,99.46
27.93487935325868,-98.26444348595372,0.54,99.46
48.93487935325868,-118.26444348595372,0.54,99.46
43.93487935325868,-71.76444348595373,0.54,99.46
34.93487935325868,-103.76444348595372,0.53,99.47
31.43487935325868,-104.76444348595372,0.53,99.47
41.43487935325868,-111.76444348595372,0.53,99.47
44.43487935325868,-119.76444348595372,0.53,99.47
30.93487935325868,-98.26444348595372,0.53,99.47
46.93487935325868,-106.76444348595372,0.52,99.48
44.93487935325868,-119.76444348595372,0.52,99.48
38.93487935325868,-110.26444348595372,0.52,99.48
32.43487935325868,-88.26444348595373,0.52,99.48
31.43487935325868,-87.76444348595373,0.51,99.49
26.93487935325868,-98.76444348595372,0.51,99.49
36.93487935325868,-92.76444348595372,0.51,99.49
46.43487935325868,-106.76444348595372,0.51,99.49
32.93487935325868,-105.26444348595372,0.51,99.49
39.93487935325868,-115.76444348595372,0.51,99.49
29.93487935325868,-98.26444348595372,0.51,99.49
48.93487935325868,-117.76444348595372,0.51,99.49
39.43487935325868,-111.76444348595372,0.5,99.5
32.43487935325868,-80.76444348595373,0.5,99.5
31.93487935325868,-102.26444348595372,0.5,99.5
30.93487935325868,-91.26444348595372,0.5,99.5
42.43487935325868,-105.76444348595372,0.49,99.51
42.93487935325868,-106.26444348595372,0.49,99.51
34.93487935325868,-93.76444348595372,0.49,99.51
41.93487935325868,-100.26444348595372,0.48,99.52
35.43487935325868,-101.76444348595372,0.48,99.52
35.43487935325868,-83.26444348595373,0.48,99.52
46.93487935325868,-88.76444348595373,0.48,99.52
37.93487935325868,-116.76444348595372,0.48,99.52
30.43487935325868,-81.76444348595373,0.48,99.52
47.93487935325868,-122.76444348595372,0.48,99.52
34.93487935325868,-106.76444348595372,0.48,99.52
42.93487935325868,-117.76444348595372,0.47,99.53
32.43487935325868,-94.76444348595372,0.47,99.53
29.43487935325868,-100.76444348595372,0.47,99.53
41.43487935325868,-106.26444348595372,0.47,99.53
45.43487935325868,-116.76444348595372,0.46,99.54
33.93487935325868,-94.76444348595372,0.46,99.54
34.43487935325868,-84.26444348595373,0.46,99.54
46.43487935325868,-90.26444348595372,0.46,99.54
30.43487935325868,-94.76444348595372,0.46,99.54
32.93487935325868,-94.76444348595372,0.46,99.54
41.43487935325868,-110.76444348595372,0.46,99.54
46.43487935325868,-106.26444348595372,0.45,99.55
29.93487935325868,-99.26444348595372,0.45,99.55
25.93487935325868,-80.26444348595373,0.45,99.55
30.43487935325868,-95.26444348595372,0.45,99.55
43.93487935325868,-103.76444348595372,0.44,99.56
36.93487935325868,-92.26444348595372,0.44,99.56
42.93487935325868,-101.76444348595372,0.44,99.56
44.93487935325868,-116.26444348595372,0.44,99.56
32.93487935325868,-88.76444348595373,0.44,99.56
30.43487935325868,-86.26444348595373,0.43,99.57
35.93487935325868,-92.26444348595372,0.43,99.57
39.43487935325868,-117.76444348595372,0.43,99.57
47.43487935325868,-122.26444348595372,0.43,99.57
31.43487935325868,-90.76444348595372,0.42,99.58
32.43487935325868,-94.26444348595372,0.42,99.58
32.93487935325868,-94.26444348595372,0.42,99.58
31.93487935325868,-89.26444348595373,0.42,99.58
38.93487935325868,-115.26444348595372,0.42,99.58
41.93487935325868,-100.76444348595372,0.42,99.58
41.43487935325868,-76.26444348595373,0.42,99.58
45.43487935325868,-106.76444348595372,0.42,99.58
35.93487935325868,-92.76444348595372,0.41,99.59
46.93487935325868,-111.76444348595372,0.41,99.59
46.93487935325868,-116.26444348595372,0.41,99.59
46.93487935325868,-123.26444348595372,0.41,99.59
43.43487935325868,-115.26444348595372,0.41,99.59
47.93487935325868,-106.26444348595372,0.41,99.59
43.43487935325868,-108.26444348595372,0.4,99.6
33.93487935325868,-114.26444348595372,0.4,99.6
35.93487935325868,-121.26444348595372,0.4,99.6
37.93487935325868,-108.76444348595372,0.4,99.6
32.43487935325868,-88.76444348595373,0.4,99.6
41.43487935325868,-117.26444348595372,0.39,99.61
39.43487935325868,-108.76444348595372,0.39,99.61
38.93487935325868,-104.76444348595372,0.39,99.61
32.43487935325868,-84.76444348595373,0.38,99.62
35.93487935325868,-81.76444348595373,0.38,99.62
33.43487935325868,-103.26444348595372,0.38,99.62
32.43487935325868,-92.26444348595372,0.37,99.63
46.93487935325868,-94.26444348595372,0.37,99.63
45.93487935325868,-84.76444348595373,0.37,99.63
41.93487935325868,-106.26444348595372,0.37,99.63
32.93487935325868,-83.76444348595373,0.37,99.63
41.93487935325868,-74.76444348595373,0.37,99.63
31.93487935325868,-101.26444348595372,0.37,99.63
35.93487935325868,-93.26444348595372,0.37,99.63
30.93487935325868,-89.26444348595373,0.37,99.63
34.93487935325868,-118.26444348595372,0.37,99.63
46.93487935325868,-93.26444348595372,0.37,99.63
32.93487935325868,-109.26444348595372,0.36,99.64
35.93487935325868,-103.26444348595372,0.36,99.64
43.43487935325868,-108.76444348595372,0.36,99.64
37.93487935325868,-108.26444348595372,0.36,99.64
48.43487935325868,-119.76444348595372,0.36,99.64
28.93487935325868,-100.26444348595372,0.36,99.64
27.43487935325868,-99.26444348595372,0.35,99.65
30.93487935325868,-88.76444348595373,0.35,99.65
37.93487935325868,-90.76444348595372,0.35,99.65
35.93487935325868,-94.76444348595372,0.35,99.65
36.93487935325868,-102.76444348595372,0.35,99.65
41.93487935325868,-75.26444348595373,0.35,99.65
43.93487935325868,-106.26444348595372,0.35,99.65
43.43487935325868,-107.76444348595372,0.35,99.65
37.43487935325868,-120.26444348595372,0.34,99.66
34.93487935325868,-119.26444348595372,0.34,99.66
42.43487935325868,-119.76444348595372,0.34,99.66
47.93487935325868,-92.76444348595372,0.34,99.66
31.43487935325868,-88.26444348595373,0.34,99.66
41.93487935325868,-99.26444348595372,0.33,99.67
32.93487935325868,-96.76444348595372,0.33,99.67
45.93487935325868,-89.76444348595373,0.33,99.67
41.43487935325868,-115.76444348595372,0.33,99.67
46.43487935325868,-93.26444348595372,0.32,99.68
38.93487935325868,-123.26444348595372,0.32,99.68
44.93487935325868,-107.76444348595372,0.32,99.68
33.93487935325868,-82.26444348595373,0.32,99.68
36.43487935325868,-105.26444348595372,0.32,99.68
31.93487935325868,-88.26444348595373,0.32,99.68
28.43487935325868,-80.76444348595373,0.32,99.68
47.43487935325868,-122.76444348595372,0.32,99.68
44.43487935325868,-71.26444348595373,0.31,99.69
46.93487935325868,-113.26444348595372,0.31,99.69
38.43487935325868,-104.26444348595372,0.31,99.69
36.43487935325868,-93.26444348595372,0.31,99.69
36.93487935325868,-91.76444348595372,0.31,99.69
42.93487935325868,-118.26444348595372,0.3,99.7
39.93487935325868,-118.76444348595372,0.3,99.7
45.93487935325868,-123.26444348595372,0.3,99.7
35.43487935325868,-92.76444348595372,0.3,99.7
33.93487935325868,-117.76444348595372,0.3,99.7
48.43487935325868,-119.26444348595372,0.3,99.7
34.93487935325868,-104.76444348595372,0.29,99.71
33.93487935325868,-92.76444348595372,0.29,99.71
37.43487935325868,-117.76444348595372,0.29,99.71
46.93487935325868,-92.76444348595372,0.29,99.71
41.93487935325868,-101.76444348595372,0.28,99.72
31.43487935325868,-94.76444348595372,0.28,99.72
44.93487935325868,-118.26444348595372,0.28,99.72
37.93487935325868,-120.26444348595372,0.28,99.72
38.43487935325868,-112.76444348595372,0.28,99.72
42.43487935325868,-107.26444348595372,0.28,99.72
37.43487935325868,-104.76444348595372,0.28,99.72
47.43487935325868,-116.26444348595372,0.28,99.72
36.93487935325868,-90.76444348595372,0.28,99.72
31.43487935325868,-81.76444348595373,0.28,99.72
45.43487935325868,-88.26444348595373,0.28,99.72
30.93487935325868,-93.26444348595372,0.27,99.73
45.43487935325868,-67.76444348595373,0.27,99.73
39.43487935325868,-116.76444348595372,0.27,99.73
43.93487935325868,-121.26444348595372,0.27,99.73
35.43487935325868,-103.26444348595372,0.27,99.73
33.43487935325868,-92.26444348595372,0.27,99.73
44.43487935325868,-107.76444348595372,0.27,99.73
31.93487935325868,-88.76444348595373,0.27,99.73
38.43487935325868,-80.26444348595373,0.27,99.73
36.43487935325868,-120.76444348595372,0.27,99.73
41.43487935325868,-115.26444348595372,0.27,99.73
33.43487935325868,-86.76444348595373,0.27,99.73
38.93487935325868,-107.26444348595372,0.26,99.74
37.93487935325868,-122.26444348595372,0.26,99.74
45.43487935325868,-116.26444348595372,0.26,99.74
37.43487935325868,-105.26444348595372,0.26,99.74
34.93487935325868,-94.26444348595372,0.26,99.74
38.93487935325868,-77.26444348595373,0.26,99.74
30.93487935325868,-102.76444348595372,0.26,99.74
47.43487935325868,-113.76444348595372,0.26,99.74
30.93487935325868,-95.26444348595372,0.26,99.74
35.43487935325868,-104.26444348595372,0.25,99.75
37.43487935325868,-122.26444348595372,0.25,99.75
38.43487935325868,-109.26444348595372,0.25,99.75
41.43487935325868,-109.76444348595372,0.25,99.75
45.93487935325868,-88.76444348595373,0.25,99.75
29.43487935325868,-100.26444348595372,0.25,99.75
41.93487935325868,-78.76444348595373,0.25,99.75
30.43487935325868,-90.76444348595372,0.25,99.75
39.43487935325868,-115.26444348595372,0.25,99.75
29.93487935325868,-90.26444348595372,0.25,99.75
45.93487935325868,-90.26444348595372,0.25,99.75
44.93487935325868,-70.76444348595373,0.25,99.75
41.93487935325868,-74.26444348595373,0.24,99.76
40.43487935325868,-118.26444348595372,0.24,99.76
31.93487935325868,-94.76444348595372,0.24,99.76
44.93487935325868,-121.26444348595372,0.24,99.76
34.43487935325868,-80.76444348595373,0.24,99.76
42.43487935325868,-123.26444348595372,0.24,99.76
43.43487935325868,-104.76444348595372,0.24,99.76
41.43487935325868,-114.26444348595372,0.24,99.76
34.43487935325868,-93.76444348595372,0.24,99.76
37.93487935325868,-81.76444348595373,0.23,99.77
34.93487935325868,-95.26444348595372,0.23,99.77
38.43487935325868,-104.76444348595372,0.23,99.77
38.43487935325868,-108.76444348595372,0.23,99.77
38.93487935325868,-103.26444348595372,0.23,99.77
30.93487935325868,-103.26444348595372,0.23,99.77
42.43487935325868,-100.76444348595372,0.23,99.77
40.93487935325868,-105.26444348595372,0.23,99.77
34.93487935325868,-94.76444348595372,0.23,99.77
42.43487935325868,-106.76444348595372,0.23,99.77
39.93487935325868,-74.26444348595373,0.23,99.77
45.93487935325868,-86.76444348595373,0.22,99.78
39.43487935325868,-119.26444348595372,0.22,99.78
40.43487935325868,-121.76444348595372,0.22,99.78
36.93487935325868,-76.26444348595373,0.22,99.78
42.93487935325868,-105.76444348595372,0.22,99.78
43.43487935325868,-105.76444348595372,0.22,99.78
41.93487935325868,-105.76444348595372,0.22,99.78
48.43487935325868,-116.26444348595372,0.22,99.78
42.43487935325868,-106.26444348595372,0.22,99.78
36.43487935325868,-116.26444348595372,0.21,99.79
37.43487935325868,-107.26444348595372,0.21,99.79
41.43487935325868,-116.26444348595372,0.21,99.79
41.93487935325868,-109.76444348595372,0.21,99.79
37.93487935325868,-82.76444348595373,0.21,99.79
46.93487935325868,-122.26444348595372,0.21,99.79
43.43487935325868,-124.26444348595372,0.21,99.79
31.93487935325868,-104.76444348595372,0.21,99.79
44.43487935325868,-112.26444348595372,0.21,99.79
31.43487935325868,-101.26444348595372,0.21,99.79
33.43487935325868,-116.76444348595372,0.21,99.79
32.93487935325868,-79.76444348595373,0.21,99.79
48.93487935325868,-117.26444348595372,0.2,99.8
37.43487935325868,-90.76444348595372,0.2,99.8
34.93487935325868,-83.26444348595373,0.2,99.8
33.93487935325868,-114.76444348595372,0.2,99.8
35.93487935325868,-93.76444348595372,0.2,99.8
41.43487935325868,-77.76444348595373,0.2,99.8
40.43487935325868,-120.76444348595372,0.2,99.8
39.93487935325868,-106.26444348595372,0.2,99.8
27.93487935325868,-99.26444348595372,0.2,99.8
39.93487935325868,-114.76444348595372,0.2,99.8
28.93487935325868,-81.26444348595373,0.2,99.8
33.93487935325868,-111.76444348595372,0.2,99.8
39.43487935325868,-123.76444348595372,0.2,99.8
36.43487935325868,-91.26444348595372,0.2,99.8
43.93487935325868,-120.26444348595372,0.19,99.81
34.43487935325868,-115.76444348595372,0.19,99.81
44.43487935325868,-123.76444348595372,0.19,99.81
33.43487935325868,-115.76444348595372,0.19,99.81
45.93487935325868,-112.76444348595372,0.19,99.81
42.93487935325868,-116.76444348595372,0.19,99.81
32.43487935325868,-107.76444348595372,0.19,99.81
47.93487935325868,-112.76444348595372,0.19,99.81
46.93487935325868,-113.76444348595372,0.19,99.81
34.93487935325868,-106.26444348595372,0.19,99.81
46.43487935325868,-92.26444348595372,0.18,99.82
39.93487935325868,-121.26444348595372,0.18,99.82
35.93487935325868,-116.26444348595372,0.18,99.82
44.93487935325868,-113.26444348595372,0.18,99.82
39.93487935325868,-109.76444348595372,0.18,99.82
39.93487935325868,-116.26444348595372,0.18,99.82
32.43487935325868,-93.26444348595372,0.18,99.82
39.93487935325868,-112.76444348595372,0.18,99.82
34.93487935325868,-82.76444348595373,0.18,99.82
35.93487935325868,-104.76444348595372,0.18,99.82
43.43487935325868,-73.76444348595373,0.18,99.82
37.93487935325868,-82.26444348595373,0.18,99.82
31.93487935325868,-94.26444348595372,0.18,99.82
37.93487935325868,-110.76444348595372,0.18,99.82
41.93487935325868,-120.76444348595372,0.18,99.82
46.43487935325868,-84.76444348595373,0.18,99.82
48.43487935325868,-93.76444348595372,0.17,99.83
33.43487935325868,-84.76444348595373,0.17,99.83
36.93487935325868,-118.26444348595372,0.17,99.83
33.43487935325868,-103.76444348595372,0.17,99.83
37.43487935325868,-83.26444348595373,0.17,99.83
35.43487935325868,-102.76444348595372,0.17,99.83
31.43487935325868,-102.76444348595372,0.17,99.83
26.93487935325868,-82.26444348595373,0.17,99.83
35.43487935325868,-82.76444348595373,0.17,99.83
29.93487935325868,-81.76444348595373,0.17,99.83
46.43487935325868,-115.76444348595372,0.17,99.83
37.93487935325868,-113.26444348595372,0.17,99.83
33.43487935325868,-87.26444348595373,0.17,99.83
38.93487935325868,-116.76444348595372,0.16,99.84
41.43487935325868,-73.76444348595373,0.16,99.84
35.93487935325868,-106.76444348595372,0.16,99.84
42.93487935325868,-105.26444348595372,0.16,99.84
30.43487935325868,-100.26444348595372,0.16,99.84
30.93487935325868,-81.76444348595373,0.16,99.84
44.93487935325868,-116.76444348595372,0.16,99.84
33.93487935325868,-112.76444348595372,0.16,99.84
45.93487935325868,-116.76444348595372,0.16,99.84
36.43487935325868,-121.76444348595372,0.16,99.84
34.93487935325868,-92.26444348595372,0.16,99.84
31.93487935325868,-92.26444348595372,0.16,99.84
45.43487935325868,-111.26444348595372,0.16,99.84
41.93487935325868,-116.26444348595372,0.16,99.84
31.43487935325868,-93.26444348595372,0.16,99.84
47.93487935325868,-113.76444348595372,0.16,99.84
32.43487935325868,-108.76444348595372,0.16,99.84
40.43487935325868,-119.76444348595372,0.15,99.85
37.43487935325868,-115.26444348595372,0.15,99.85
41.43487935325868,-114.76444348595372,0.15,99.85
46.93487935325868,-68.76444348595373,0.15,99.85
30.43487935325868,-94.26444348595372,0.15,99.85
43.43487935325868,-105.26444348595372,0.15,99.85
40.93487935325868,-109.26444348595372,0.15,99.85
34.43487935325868,-117.26444348595372,0.15,99.85
33.43487935325868,-104.26444348595372,0.15,99.85
34.93487935325868,-117.26444348595372,0.15,99.85
44.93487935325868,-119.26444348595372,0.15,99.85
37.93487935325868,-105.26444348595372,0.15,99.85
32.43487935325868,-105.76444348595372,0.15,99.85
35.93487935325868,-106.26444348595372,0.15,99.85
40.93487935325868,-108.76444348595372,0.14,99.86
33.93487935325868,-116.76444348595372,0.14,99.86
44.93487935325868,-111.76444348595372,0.14,99.86
34.43487935325868,-111.76444348595372,0.14,99.86
33.93487935325868,-84.76444348595373,0.14,99.86
47.93487935325868,-121.76444348595372,0.14,99.86
42.93487935325868,-111.26444348595372,0.14,99.86
34.43487935325868,-92.76444348595372,0.14,99.86
34.43487935325868,-112.76444348595372,0.14,99.86
46.43487935325868,-91.76444348595372,0.14,99.86
39.43487935325868,-116.26444348595372,0.14,99.86
41.93487935325868,-114.26444348595372,0.14,99.86
32.43487935325868,-109.26444348595372,0.14,99.86
36.93487935325868,-116.76444348595372,0.14,99.86
40.93487935325868,-120.76444348595372,0.13,99.87
42.43487935325868,-107.76444348595372,0.13,99.87
36.93487935325868,-107.26444348595372,0.13,99.87
39.43487935325868,-113.76444348595372,0.13,99.87
48.43487935325868,-113.76444348595372,0.13,99.87
34.43487935325868,-116.76444348595372,0.13,99.87
36.43487935325868,-91.76444348595372,0.13,99.87
36.93487935325868,-106.76444348595372,0.13,99.87
31.93487935325868,-112.26444348595372,0.13,99.87
41.93487935325868,-110.26444348595372,0.13,99.87
30.93487935325868,-94.76444348595372,0.13,99.87
43.43487935325868,-115.76444348595372,0.13,99.87
32.93487935325868,-105.76444348595372,0.13,99.87
29.93487935325868,-83.26444348595373,0.13,99.87
41.43487935325868,-107.76444348595372,0.13,99.87
43.93487935325868,-118.76444348595372,0.13,99.87
44.43487935325868,-120.26444348595372,0.13,99.87
30.43487935325868,-101.76444348595372,0.13,99.87
41.93487935325868,-108.76444348595372,0.13,99.87
35.93487935325868,-103.76444348595372,0.12,99.88
29.93487935325868,-101.76444348595372,0.12,99.88
31.43487935325868,-108.26444348595372,0.12,99.88
40.93487935325868,-110.76444348595372,0.12,99.88
37.43487935325868,-118.26444348595372,0.12,99.88
25.43487935325868,-80.76444348595373,0.12,99.88
35.43487935325868,-92.26444348595372,0.12,99.88
41.43487935325868,-107.26444348595372,0.12,99.88
37.43487935325868,-113.76444348595372,0.12,99.88
27.43487935325868,-98.76444348595372,0.12,99.88
37.93487935325868,-109.76444348595372,0.12,99.88
41.43487935325868,-74.76444348595373,0.12,99.88
43.93487935325868,-110.26444348595372,0.12,99.88
36.93487935325868,-91.26444348595372,0.12,99.88
48.43487935325868,-93.26444348595372,0.12,99.88
30.43487935325868,-103.26444348595372,0.12,99.88
30.43487935325868,-87.26444348595373,0.12,99.88
34.43487935325868,-94.26444348595372,0.12,99.88
32.43487935325868,-109.76444348595372,0.12,99.88
39.93487935325868,-119.76444348595372,0.12,99.88
41.43487935325868,-109.26444348595372,0.12,99.88
43.43487935325868,-117.26444348595372,0.12,99.88
46.93487935325868,-93.76444348595372,0.11,99.89
30.43487935325868,-89.26444348595373,0.11,99.89
47.93487935325868,-114.76444348595372,0.11,99.89
35.93487935325868,-94.26444348595372,0.11,99.89
29.93487935325868,-93.76444348595372,0.11,99.89
31.93487935325868,-81.26444348595373,0.11,99.89
48.43487935325868,-94.76444348595372,0.11,99.89
39.93487935325868,-120.26444348595372,0.11,99.89
30.43487935325868,-104.76444348595372,0.11,99.89
46.93487935325868,-112.26444348595372,0.11,99.89
43.93487935325868,-73.76444348595373,0.11,99.89
36.93487935325868,-104.76444348595372,0.11,99.89
31.93487935325868,-104.26444348595372,0.11,99.89
41.93487935325868,-102.26444348595372,0.11,99.89
34.43487935325868,-95.76444348595372,0.11,99.89
30.93487935325868,-90.76444348595372,0.11,99.89
32.93487935325868,-111.26444348595372,0.11,99.89
30.43487935325868,-103.76444348595372,0.11,99.89
29.93487935325868,-91.26444348595372,0.11,99.89
48.43487935325868,-116.76444348595372,0.11,99.89
47.43487935325868,-93.26444348595372,0.1,99.9
37.43487935325868,-112.76444348595372,0.1,99.9
37.43487935325868,-110.76444348595372,0.1,99.9
46.43487935325868,-87.76444348595373,0.1,99.9
40.93487935325868,-112.26444348595372,0.1,99.9
30.43487935325868,-86.76444348595373,0.1,99.9
30.43487935325868,-102.26444348595372,0.1,99.9
44.43487935325868,-111.26444348595372,0.1,99.9
43.93487935325868,-119.26444348595372,0.1,99.9
40.93487935325868,-116.26444348595372,0.1,99.9
38.93487935325868,-105.26444348595372,0.1,99.9
43.43487935325868,-110.26444348595372,0.1,99.9
46.43487935325868,-86.76444348595373,0.1,99.9
38.93487935325868,-109.26444348595372,0.1,99.9
38.93487935325868,-108.76444348595372,0.1,99.9
37.43487935325868,-91.26444348595372,0.09,99.91
32.93487935325868,-112.26444348595372,0.09,99.91
30.93487935325868,-92.76444348595372,0.09,99.91
44.93487935325868,-93.26444348595372,0.09,99.91
38.93487935325868,-109.76444348595372,0.09,99.91
48.93487935325868,-94.76444348595372,0.09,99.91
27.93487935325868,-98.76444348595372,0.09,99.91
42.43487935325868,-101.26444348595372,0.09,99.91
37.43487935325868,-121.76444348595372,0.09,99.91
39.93487935325868,-75.26444348595373,0.09,99.91
39.93487935325868,-120.76444348595372,0.09,99.91
42.93487935325868,-106.76444348595372,0.09,99.91
43.93487935325868,-120.76444348595372,0.09,99.91
42.43487935325868,-110.76444348595372,0.09,99.91
36.43487935325868,-94.26444348595372,0.08,99.92
36.93487935325868,-108.76444348595372,0.08,99.92
30.43487935325868,-93.76444348595372,0.08,99.92
45.93487935325868,-90.76444348595372,0.08,99.92
39.43487935325868,-111.26444348595372,0.08,99.92
39.93487935325868,-111.26444348595372,0.08,99.92
38.93487935325868,-106.26444348595372,0.08,99.92
36.43487935325868,-108.76444348595372,0.08,99.92
42.93487935325868,-110.76444348595372,0.08,99.92
45.93487935325868,-117.76444348595372,0.08,99.92
46.43487935325868,-88.76444348595373,0.08,99.92
39.43487935325868,-120.26444348595372,0.08,99.92
38.93487935325868,-120.26444348595372,0.08,99.92
35.93487935325868,-82.76444348595373,0.08,99.92
36.93487935325868,-105.26444348595372,0.08,99.92
44.43487935325868,-108.76444348595372,0.08,99.92
43.93487935325868,-109.76444348595372,0.08,99.92
39.93487935325868,-107.26444348595372,0.08,99.92
30.93487935325868,-101.76444348595372,0.08,99.92
33.93487935325868,-104.26444348595372,0.08,99.92
44.43487935325868,-113.26444348595372,0.08,99.92
37.93487935325868,-104.26444348595372,0.08,99.92
31.43487935325868,-94.26444348595372,0.08,99.92
31.93487935325868,-108.26444348595372,0.08,99.92
47.43487935325868,-92.26444348595372,0.08,99.92
40.93487935325868,-74.26444348595373,0.08,99.92
34.43487935325868,-93.26444348595372,0.08,99.92
41.93487935325868,-107.76444348595372,0.08,99.92
28.43487935325868,-98.76444348595372,0.08,99.92
35.43487935325868,-83.76444348595373,0.08,99.92
39.93487935325868,-110.76444348595372,0.08,99.92
44.93487935325868,-118.76444348595372,0.08,99.92
42.43487935325868,-118.76444348595372,0.08,99.92
46.43487935325868,-68.26444348595373,0.07,99.93
36.43487935325868,-106.76444348595372,0.07,99.93
37.93487935325868,-119.76444348595372,0.07,99.93
45.43487935325868,-118.26444348595372,0.07,99.93
42.93487935325868,-107.26444348595372,0.07,99.93
42.93487935325868,-123.76444348595372,0.07,99.93
42.93487935325868,-121.26444348595372,0.07,99.93
46.43487935325868,-85.26444348595373,0.07,99.93
32.93487935325868,-92.26444348595372,0.07,99.93
29.93487935325868,-85.26444348595373,0.07,99.93
40.43487935325868,-106.26444348595372,0.07,99.93
40.93487935325868,-122.76444348595372,0.07,99.93
33.43487935325868,-105.76444348595372,0.07,99.93
31.93487935325868,-106.26444348595372,0.07,99.93
43.43487935325868,-106.26444348595372,0.07,99.93
41.43487935325868,-119.26444348595372,0.07,99.93
35.93487935325868,-91.76444348595372,0.07,99.93
32.93487935325868,-116.26444348595372,0.07,99.93
48.93487935325868,-116.76444348595372,0.07,99.93
31.43487935325868,-103.26444348595372,0.07,99.93
35.43487935325868,-103.76444348595372,0.07,99.93
43.93487935325868,-114.76444348595372,0.07,99.93
30.93487935325868,-93.76444348595372,0.07,99.93
42.43487935325868,-101.76444348595372,0.07,99.93
32.93487935325868,-103.76444348595372,0.07,99.93
43.43487935325868,-107.26444348595372,0.07,99.93
42.93487935325868,-119.26444348595372,0.07,99.93
45.43487935325868,-110.26444348595372,0.07,99.93
39.43487935325868,-105.26444348595372,0.07,99.93
44.93487935325868,-123.76444348595372,0.07,99.93
40.43487935325868,-119.26444348595372,0.07,99.93
30.43487935325868,-101.26444348595372,0.07,99.93
32.93487935325868,-113.76444348595372,0.07,99.93
32.43487935325868,-104.76444348595372,0.07,99.93
48.43487935325868,-118.76444348595372,0.06,99.94
44.43487935325868,-112.76444348595372,0.06,99.94
40.43487935325868,-124.26444348595372,0.06,99.94
38.43487935325868,-107.26444348595372,0.06,99.94
45.43487935325868,-69.26444348595373,0.06,99.94
40.93487935325868,-114.76444348595372,0.06,99.94
35.43487935325868,-106.26444348595372,0.06,99.94
36.43487935325868,-114.26444348595372,0.06,99.94
31.43487935325868,-102.26444348595372,0.06,99.94
46.43487935325868,-68.76444348595373,0.06,99.94
33.43487935325868,-92.76444348595372,0.06,99.94
44.93487935325868,-109.76444348595372,0.06,99.94
41.93487935325868,-114.76444348595372,0.06,99.94
31.43487935325868,-93.76444348595372,0.06,99.94
40.93487935325868,-106.76444348595372,0.06,99.94
32.93487935325868,-93.26444348595372,0.06,99.94
42.43487935325868,-108.26444348595372,0.06,99.94
44.93487935325868,-110.76444348595372,0.06,99.94
39.43487935325868,-109.76444348595372,0.06,99.94
35.43487935325868,-115.26444348595372,0.06,99.94
30.43487935325868,-102.76444348595372,0.06,99.94
48.93487935325868,-115.26444348595372,0.06,99.94
44.43487935325868,-74.76444348595373,0.06,99.94
41.93487935325868,-109.26444348595372,0.06,99.94
34.93487935325868,-115.76444348595372,0.06,99.94
31.43487935325868,-88.76444348595373,0.06,99.94
41.93487935325868,-119.76444348595372,0.06,99.94
41.43487935325868,-108.76444348595372,0.06,99.94
30.93487935325868,-101.26444348595372,0.06,99.94
32.93487935325868,-116.76444348595372,0.06,99.94
34.43487935325868,-114.26444348595372,0.06,99.94
37.43487935325868,-112.26444348595372,0.06,99.94
44.93487935325868,-112.26444348595372,0.06,99.94
41.43487935325868,-81.76444348595373,0.06,99.94
46.93487935325868,-110.76444348595372,0.06,99.94
41.93487935325868,-115.26444348595372,0.06,99.94
37.93487935325868,-107.76444348595372,0.06,99.94
39.43487935325868,-121.26444348595372,0.06,99.94
36.93487935325868,-106.26444348595372,0.06,99.94
44.93487935325868,-110.26444348595372,0.06,99.94
30.43487935325868,-90.26444348595372,0.06,99.94
40.93487935325868,-105.76444348595372,0.06,99.94
27.93487935325868,-99.76444348595372,0.06,99.94
40.43487935325868,-105.76444348595372,0.06,99.94
31.93487935325868,-93.76444348595372,0.05,99.95
32.93487935325868,-104.76444348595372,0.05,99.95
45.93487935325868,-113.26444348595372,0.05,99.95
42.93487935325868,-124.26444348595372,0.05,99.95
45.43487935325868,-68.76444348595373,0.05,99.95
33.93487935325868,-112.26444348595372,0.05,99.95
30.93487935325868,-104.26444348595372,0.05,99.95
31.43487935325868,-103.76444348595372,0.05,99.95
41.43487935325868,-123.26444348595372,0.05,99.95
43.43487935325868,-74.76444348595373,0.05,99.95
36.43487935325868,-103.76444348595372,0.05,99.95
40.93487935325868,-106.26444348595372,0.05,99.95
39.93487935325868,-110.26444348595372,0.05,99.95
34.43487935325868,-92.26444348595372,0.05,99.95
37.93487935325868,-115.26444348595372,0.05,99.95
38.43487935325868,-115.26444348595372,0.05,99.95
29.43487935325868,-81.76444348595373,0.05,99.95
40.93487935325868,-112.76444348595372,0.05,99.95
33.93487935325868,-111.26444348595372,0.05,99.95
30.93487935325868,-94.26444348595372,0.05,99.95
47.93487935325868,-95.26444348595372,0.05,99.95
48.93487935325868,-120.26444348595372,0.05,99.95
31.43487935325868,-109.26444348595372,0.05,99.95
34.93487935325868,-110.26444348595372,0.05,99.95
42.93487935325868,-109.26444348595372,0.05,99.95
35.93487935325868,-104.26444348595372,0.05,99.95
40.93487935325868,-73.76444348595373,0.05,99.95
38.43487935325868,-118.76444348595372,0.05,99.95
37.93487935325868,-114.76444348595372,0.05,99.95
36.43487935325868,-93.76444348595372,0.05,99.95
39.43487935325868,-110.26444348595372,0.05,99.95
44.43487935325868,-110.76444348595372,0.05,99.95
46.43487935325868,-115.26444348595372,0.05,99.95
43.43487935325868,-121.76444348595372,0.05,99.95
38.43487935325868,-116.26444348595372,0.05,99.95
40.43487935325868,-117.76444348595372,0.05,99.95
39.93487935325868,-117.76444348595372,0.05,99.95
34.43487935325868,-118.26444348595372,0.05,99.95
38.93487935325868,-118.26444348595372,0.05,99.95
37.93487935325868,-118.26444348595372,0.05,99.95
30.43487935325868,-89.76444348595373,0.05,99.95
34.43487935325868,-117.76444348595372,0.05,99.95
33.93487935325868,-84.26444348595373,0.05,99.95
38.93487935325868,-112.76444348595372,0.04,99.96
37.93487935325868,-119.26444348595372,0.04,99.96
46.93487935325868,-92.26444348595372,0.04,99.96
42.93487935325868,-107.76444348595372,0.04,99.96
46.43487935325868,-123.26444348595372,0.04,99.96
44.43487935325868,-107.26444348595372,0.04,99.96
46.43487935325868,-112.26444348595372,0.04,99.96
38.43487935325868,-108.26444348595372,0.04,99.96
38.43487935325868,-119.76444348595372,0.04,99.96
40.43487935325868,-108.76444348595372,0.04,99.96
31.43487935325868,-108.76444348595372,0.04,99.96
43.93487935325868,-119.76444348595372,0.04,99.96
43.93487935325868,-112.76444348595372,0.04,99.96
42.43487935325868,-124.26444348595372,0.04,99.96
41.43487935325868,-112.76444348595372,0.04,99.96
43.43487935325868,-74.26444348595373,0.04,99.96
37.93487935325868,-110.26444348595372,0.04,99.96
33.43487935325868,-110.76444348595372,0.04,99.96
41.93487935325868,-119.26444348595372,0.04,99.96
35.43487935325868,-104.76444348595372,0.04,99.96
41.93487935325868,-123.26444348595372,0.04,99.96
42.43487935325868,-116.76444348595372,0.04,99.96
33.43487935325868,-104.76444348595372,0.04,99.96
39.93487935325868,-118.26444348595372,0.04,99.96
40.43487935325868,-121.26444348595372,0.04,99.96
41.43487935325868,-121.76444348595372,0.04,99.96
37.43487935325868,-118.76444348595372,0.04,99.96
41.93487935325868,-122.76444348595372,0.04,99.96
34.93487935325868,-105.26444348595372,0.04,99.96
31.93487935325868,-103.76444348595372,0.04,99.96
35.93487935325868,-105.76444348595372,0.04,99.96
45.43487935325868,-113.76444348595372,0.04,99.96
37.93487935325868,-111.76444348595372,0.04,99.96
31.93487935325868,-92.76444348595372,0.04,99.96
29.93487935325868,-103.26444348595372,0.04,99.96
37.43487935325868,-81.76444348595373,0.04,99.96
43.93487935325868,-110.76444348595372,0.04,99.96
29.93487935325868,-100.76444348595372,0.04,99.96
35.93487935325868,-113.76444348595372,0.04,99.96
32.93487935325868,-92.76444348595372,0.04,99.96
40.43487935325868,-123.76444348595372,0.04,99.96
47.93487935325868,-93.26444348595372,0.04,99.96
32.43487935325868,-92.76444348595372,0.04,99.96
39.93487935325868,-105.76444348595372,0.03,99.97
37.93487935325868,-112.26444348595372,0.03,99.97
37.43487935325868,-106.76444348595372,0.03,99.97
41.93487935325868,-106.76444348595372,0.03,99.97
42.93487935325868,-108.26444348595372,0.03,99.97
38.43487935325868,-115.76444348595372,0.03,99.97
48.43487935325868,-94.26444348595372,0.03,99.97
39.43487935325868,-106.76444348595372,0.03,99.97
45.43487935325868,-113.26444348595372,0.03,99.97
48.93487935325868,-113.76444348595372,0.03,99.97
43.43487935325868,-119.76444348595372,0.03,99.97
36.93487935325868,-105.76444348595372,0.03,99.97
30.93487935325868,-105.26444348595372,0.03,99.97
32.43487935325868,-113.26444348595372,0.03,99.97
41.93487935325868,-107.26444348595372,0.03,99.97
37.43487935325868,-119.76444348595372,0.03,99.97
48.43487935325868,-114.76444348595372,0.03,99.97
34.43487935325868,-106.26444348595372,0.03,99.97
33.93487935325868,-92.26444348595372,0.03,99.97
40.43487935325868,-122.76444348595372,0.03,99.97
39.93487935325868,-112.26444348595372,0.03,99.97
37.43487935325868,-109.76444348595372,0.03,99.97
41.93487935325868,-115.76444348595372,0.03,99.97
44.43487935325868,-116.26444348595372,0.03,99.97
46.43487935325868,-122.26444348595372,0.03,99.97
36.93487935325868,-113.76444348595372,0.03,99.97
40.93487935325868,-122.26444348595372,0.03,99.97
45.43487935325868,-121.76444348595372,0.03,99.97
29.93487935325868,-100.26444348595372,0.03,99.97
44.43487935325868,-110.26444348595372,0.03,99.97
32.43487935325868,-103.26444348595372,0.03,99.97
29.43487935325868,-103.76444348595372,0.03,99.97
45.93487935325868,-69.76444348595373,0.03,99.97
38.93487935325868,-120.76444348595372,0.03,99.97
45.43487935325868,-70.26444348595373,0.03,99.97
45.43487935325868,-69.76444348595373,0.03,99.97
38.93487935325868,-113.76444348595372,0.03,99.97
47.43487935325868,-113.26444348595372,0.03,99.97
37.93487935325868,-111.26444348595372,0.03,99.97
35.43487935325868,-105.26444348595372,0.03,99.97
34.93487935325868,-104.26444348595372,0.03,99.97
40.93487935325868,-118.76444348595372,0.03,99.97
41.43487935325868,-121.26444348595372,0.03,99.97
44.93487935325868,-115.76444348595372,0.03,99.97
44.93487935325868,-114.76444348595372,0.03,99.97
44.93487935325868,-115.26444348595372,0.03,99.97
36.43487935325868,-104.26444348595372,0.03,99.97
46.93487935325868,-115.76444348595372,0.03,99.97
47.43487935325868,-115.76444348595372,0.03,99.97
34.43487935325868,-105.26444348595372,0.03,99.97
35.93487935325868,-108.76444348595372,0.03,99.97
46.93487935325868,-123.76444348595372,0.03,99.97
42.43487935325868,-83.26444348595373,0.03,99.97
41.43487935325868,-119.76444348595372,0.03,99.97
30.43487935325868,-88.76444348595373,0.03,99.97
37.93487935325868,-118.76444348595372,0.03,99.97
35.93487935325868,-118.76444348595372,0.03,99.97
36.93487935325868,-116.26444348595372,0.03,99.97
45.93487935325868,-122.26444348595372,0.03,99.97
42.43487935325868,-123.76444348595372,0.02,99.98
39.93487935325868,-119.26444348595372,0.02,99.98
34.43487935325868,-95.26444348595372,0.02,99.98
46.43487935325868,-121.26444348595372,0.02,99.98
42.93487935325868,-120.26444348595372,0.02,99.98
34.43487935325868,-94.76444348595372,0.02,99.98
47.43487935325868,-115.26444348595372,0.02,99.98
45.43487935325868,-115.26444348595372,0.02,99.98
40.93487935325868,-108.26444348595372,0.02,99.98
41.93487935325868,-108.26444348595372,0.02,99.98
41.43487935325868,-113.26444348595372,0.02,99.98
39.93487935325868,-113.26444348595372,0.02,99.98
43.43487935325868,-121.26444348595372,0.02,99.98
39.43487935325868,-122.76444348595372,0.02,99.98
48.43487935325868,-120.76444348595372,0.02,99.98
42.43487935325868,-120.76444348595372,0.02,99.98
39.43487935325868,-120.76444348595372,0.02,99.98
36.43487935325868,-92.26444348595372,0.02,99.98
33.43487935325868,-93.26444348595372,0.02,99.98
32.43487935325868,-112.26444348595372,0.02,99.98
39.93487935325868,-122.76444348595372,0.02,99.98
38.43487935325868,-120.26444348595372,0.02,99.98
46.93487935325868,-114.76444348595372,0.02,99.98
35.93487935325868,-114.76444348595372,0.02,99.98
33.93487935325868,-107.76444348595372,0.02,99.98
36.43487935325868,-114.76444348595372,0.02,99.98
34.93487935325868,-111.76444348595372,0.02,99.98
39.43487935325868,-105.76444348595372,0.02,99.98
38.93487935325868,-105.76444348595372,0.02,99.98
46.43487935325868,-85.76444348595373,0.02,99.98
31.43487935325868,-105.76444348595372,0.02,99.98
39.43487935325868,-109.26444348595372,0.02,99.98
42.93487935325868,-119.76444348595372,0.02,99.98
44.93487935325868,-122.26444348595372,0.02,99.98
43.93487935325868,-74.76444348595373,0.02,99.98
40.43487935325868,-118.76444348595372,0.02,99.98
40.43487935325868,-116.26444348595372,0.02,99.98
37.43487935325868,-114.26444348595372,0.02,99.98
38.43487935325868,-111.26444348595372,0.02,99.98
36.43487935325868,-118.26444348595372,0.02,99.98
46.43487935325868,-89.76444348595373,0.02,99.98
38.93487935325868,-110.76444348595372,0.02,99.98
38.93487935325868,-117.76444348595372,0.02,99.98
43.93487935325868,-115.26444348595372,0.02,99.98
27.93487935325868,-82.76444348595373,0.02,99.98
41.43487935325868,-113.76444348595372,0.02,99.98
42.43487935325868,-115.26444348595372,0.02,99.98
44.43487935325868,-115.26444348595372,0.02,99.98
46.43487935325868,-86.26444348595373,0.02,99.98
45.93487935325868,-123.76444348595372,0.02,99.98
46.43487935325868,-123.76444348595372,0.02,99.98
45.43487935325868,-115.76444348595372,0.02,99.98
30.43487935325868,-104.26444348595372,0.02,99.98
36.93487935325868,-83.26444348595373,0.02,99.98
31.43487935325868,-104.26444348595372,0.02,99.98
36.93487935325868,-118.76444348595372,0.02,99.98
38.93487935325868,-114.26444348595372,0.02,99.98
48.43487935325868,-115.76444348595372,0.02,99.98
45.93487935325868,-113.76444348595372,0.02,99.98
43.43487935325868,-109.76444348595372,0.02,99.98
38.43487935325868,-109.76444348595372,0.02,99.98
41.93487935325868,-117.26444348595372,0.02,99.98
39.93487935325868,-121.76444348595372,0.02,99.98
25.93487935325868,-81.26444348595373,0.02,99.98
29.93487935325868,-99.76444348595372,0.02,99.98
29.93487935325868,-103.76444348595372,0.02,99.98
40.43487935325868,-116.76444348595372,0.02,99.98
31.93487935325868,-102.76444348595372,0.02,99.98
45.43487935325868,-114.26444348595372,0.02,99.98
43.93487935325868,-114.26444348595372,0.02,99.98
33.43487935325868,-110.26444348595372,0.02,99.98
43.93487935325868,-121.76444348595372,0.02,99.98
47.43487935325868,-121.76444348595372,0.02,99.98
48.43487935325868,-121.76444348595372,0.02,99.98
31.43487935325868,-110.26444348595372,0.02,99.98
38.43487935325868,-117.26444348595372,0.02,99.98
38.43487935325868,-116.76444348595372,0.02,99.98
42.43487935325868,-116.26444348595372,0.02,99.98
38.43487935325868,-110.26444348595372,0.02,99.98
43.93487935325868,-74.26444348595373,0.02,99.98
43.93487935325868,-115.76444348595372,0.02,99.98
45.93487935325868,-69.26444348595373,0.02,99.98
46.93487935325868,-69.26444348595373,0.02,99.98
47.93487935325868,-113.26444348595372,0.02,99.98
40.93487935325868,-123.76444348595372,0.02,99.98
37.93487935325868,-107.26444348595372,0.02,99.98
35.93487935325868,-115.76444348595372,0.02,99.98
43.43487935325868,-123.76444348595372,0.02,99.98
35.43487935325868,-106.76444348595372,0.02,99.98
45.93487935325868,-68.76444348595373,0.02,99.98
36.43487935325868,-92.76444348595372,0.02,99.98
47.93487935325868,-124.26444348595372,0.01,99.99
39.93487935325868,-123.76444348595372,0.01,99.99
47.93487935325868,-116.26444348595372,0.01,99.99
43.93487935325868,-123.76444348595372,0.01,99.99
37.43487935325868,-115.76444348595372,0.01,99.99
31.93487935325868,-112.76444348595372,0.01,99.99
37.93487935325868,-117.76444348595372,0.01,99.99
42.43487935325868,-117.76444348595372,0.01,99.99
39.93487935325868,-115.26444348595372,0.01,99.99
37.43487935325868,-110.26444348595372,0.01,99.99
38.43487935325868,-113.76444348595372,0.01,99.99
33.43487935325868,-113.76444348595372,0.01,99.99
32.43487935325868,-113.76444348595372,0.01,99.99
48.93487935325868,-114.26444348595372,0.01,99.99
39.93487935325868,-116.76444348595372,0.01,99.99
42.43487935325868,-117.26444348595372,0.01,99.99
43.43487935325868,-117.76444348595372,0.01,99.99
36.43487935325868,-110.76444348595372,0.01,99.99
31.43487935325868,-81.26444348595373,0.01,99.99
32.43487935325868,-110.26444348595372,0.01,99.99
33.93487935325868,-110.76444348595372,0.01,99.99
32.43487935325868,-110.76444348595372,0.01,99.99
31.93487935325868,-110.76444348595372,0.01,99.99
46.43487935325868,-121.76444348595372,0.01,99.99
44.43487935325868,-121.76444348595372,0.01,99.99
47.93487935325868,-89.76444348595373,0.01,99.99
29.43487935325868,-103.26444348595372,0.01,99.99
29.93487935325868,-102.26444348595372,0.01,99.99
41.43487935325868,-116.76444348595372,0.01,99.99
40.93487935325868,-116.76444348595372,0.01,99.99
29.93487935325868,-102.76444348595372,0.01,99.99
36.43487935325868,-116.76444348595372,0.01,99.99
36.93487935325868,-109.76444348595372,0.01,99.99
40.43487935325868,-114.26444348595372,0.01,99.99
29.93487935325868,-101.26444348595372,0.01,99.99
37.43487935325868,-103.76444348595372,0.01,99.99
44.43487935325868,-109.76444348595372,0.01,99.99
37.43487935325868,-109.26444348595372,0.01,99.99
44.43487935325868,-122.26444348595372,0.01,99.99
42.43487935325868,-122.26444348595372,0.01,99.99
35.93487935325868,-115.26444348595372,0.01,99.99
33.93487935325868,-115.26444348595372,0.01,99.99
48.43487935325868,-115.26444348595372,0.01,99.99
29.93487935325868,-89.76444348595373,0.01,99.99
38.43487935325868,-117.76444348595372,0.01,99.99
35.43487935325868,-118.26444348595372,0.01,99.99
33.93487935325868,-118.26444348595372,0.01,99.99
31.43487935325868,-110.76444348595372,0.01,99.99
34.43487935325868,-104.76444348595372,0.01,99.99
40.93487935325868,-123.26444348595372,0.01,99.99
40.43487935325868,-123.26444348595372,0.01,99.99
46.43487935325868,-114.76444348595372,0.01,99.99
45.93487935325868,-114.76444348595372,0.01,99.99
44.43487935325868,-114.76444348595372,0.01,99.99
39.93487935325868,-114.26444348595372,0.01,99.99
41.93487935325868,-87.76444348595373,0.01,99.99
36.43487935325868,-118.76444348595372,0.01,99.99
44.43487935325868,-115.76444348595372,0.01,99.99
42.43487935325868,-119.26444348595372,0.01,99.99
33.93487935325868,-116.26444348595372,0.01,99.99
36.93487935325868,-111.26444348595372,0.01,99.99
35.93487935325868,-111.26444348595372,0.01,99.99
35.43487935325868,-105.76444348595372,0.01,99.99
43.43487935325868,-122.76444348595372,0.01,99.99
42.93487935325868,-122.76444348595372,0.01,99.99
43.93487935325868,-109.26444348595372,0.01,99.99
34.43487935325868,-109.26444348595372,0.01,99.99
33.93487935325868,-109.26444348595372,0.01,99.99
32.43487935325868,-103.76444348595372,0.01,99.99
47.93487935325868,-115.76444348595372,0.01,99.99
46.43487935325868,-113.76444348595372,0.01,99.99
38.43487935325868,-113.26444348595372,0.01,99.99
36.93487935325868,-113.26444348595372,0.01,99.99
35.93487935325868,-113.26444348595372,0.01,99.99
37.43487935325868,-111.76444348595372,0.01,99.99
36.43487935325868,-111.76444348595372,0.01,99.99
47.43487935325868,-91.26444348595372,0.01,99.99
35.43487935325868,-108.76444348595372,0.01,99.99
34.43487935325868,-108.76444348595372,0.01,99.99
33.43487935325868,-108.76444348595372,0.01,99.99
32.93487935325868,-108.76444348595372,0.01,99.99
39.93487935325868,-123.26444348595372,0.01,99.99
47.43487935325868,-123.76444348595372,0.01,99.99
33.93487935325868,-105.26444348595372,0.01,99.99
36.43487935325868,-105.76444348595372,0.01,99.99
39.43487935325868,-106.26444348595372,0.01,99.99
39.93487935325868,-108.76444348595372,0.01,99.99
39.93487935325868,-109.26444348595372,0.01,99.99
37.43487935325868,-119.26444348595372,0.01,99.99
36.93487935325868,-119.26444348595372,0.01,99.99
48.43487935325868,-95.26444348595372,0.01,99.99
33.43487935325868,-111.26444348595372,0.01,99.99
31.43487935325868,-111.26444348595372,0.01,99.99
42.93487935325868,-113.26444348595372,0.01,99.99
33.43487935325868,-106.26444348595372,0.01,99.99
32.93487935325868,-106.26444348595372,0.01,99.99
33.43487935325868,-108.26444348595372,0.01,99.99
32.93487935325868,-108.26444348595372,0.01,99.99
32.43487935325868,-108.26444348595372,0.01,99.99
34.93487935325868,-105.76444348595372,0.01,99.99
34.43487935325868,-105.76444348595372,0.01,99.99
47.93487935325868,-115.26444348595372,0.01,99.99
46.93487935325868,-115.26444348595372,0.01,99.99
45.93487935325868,-115.26444348595372,0.01,99.99
47.93487935325868,-91.76444348595372,0.01,99.99
48.93487935325868,-121.26444348595372,0.01,99.99
47.43487935325868,-94.26444348595372,0.01,99.99
31.93487935325868,-111.76444348595372,0.01,99.99
33.43487935325868,-106.76444348595372,0.01,99.99
32.93487935325868,-106.76444348595372,0.01,99.99
38.93487935325868,-106.76444348595372,0.01,99.99
29.93487935325868,-84.76444348595373,0.01,99.99
36.93487935325868,-107.76444348595372,0.01,99.99
35.43487935325868,-107.76444348595372,0.01,99.99
38.93487935325868,-114.76444348595372,0.01,99.99
48.93487935325868,-114.76444348595372,0.01,99.99
34.93487935325868,-107.26444348595372,0.01,99.99
33.43487935325868,-107.26444348595372,0.01,99.99
31.93487935325868,-107.26444348595372,0.01,99.99
43.93487935325868,-107.76444348595372,0.01,99.99
37.93487935325868,-106.76444348595372,0.01,99.99
35.93487935325868,-108.26444348595372,0.01,99.99
32.93487935325868,-107.76444348595372,0.01,99.99
47.43487935325868,-120.76444348595372,0.01,99.99
47.93487935325868,-93.76444348595372,0.01,99.99
34.43487935325868,-112.26444348595372,0.01,99.99
36.93487935325868,-112.76444348595372,0.01,99.99
32.43487935325868,-112.76444348595372,0.01,99.99
47.43487935325868,-124.26444348595372,0.01,99.99
41.93487935325868,-123.76444348595372,0.01,99.99
41.43487935325868,-123.76444348595372,0.0,100.0
33.93487935325868,-115.76444348595372,0.0,100.0
46.43487935325868,-69.76444348595373,0.0,100.0
46.43487935325868,-69.26444348595373,0.0,100.0
34.93487935325868,-112.76444348595372,0.0,100.0
35.43487935325868,-112.76444348595372,0.0,100.0
35.93487935325868,-112.76444348595372,0.0,100.0
36.43487935325868,-112.76444348595372,0.0,100.0
39.43487935325868,-113.26444348595372,0.0,100.0
34.93487935325868,-112.26444348595372,0.0,100.0
35.43487935325868,-112.26444348595372,0.0,100.0
35.93487935325868,-112.26444348595372,0.0,100.0
35.43487935325868,-111.76444348595372,0.0,100.0
36.43487935325868,-112.26444348595372,0.0,100.0
36.93487935325868,-112.26444348595372,0.0,100.0
40.43487935325868,-113.26444348595372,0.0,100.0
40.93487935325868,-113.26444348595372,0.0,100.0
43.43487935325868,-113.26444348595372,0.0,100.0
34.43487935325868,-113.26444348595372,0.0,100.0
31.93487935325868,-111.26444348595372,0.0,100.0
34.43487935325868,-111.26444348595372,0.0,100.0
34.93487935325868,-111.26444348595372,0.0,100.0
35.93487935325868,-111.76444348595372,0.0,100.0
36.93487935325868,-111.76444348595372,0.0,100.0
34.93487935325868,-113.26444348595372,0.0,100.0
35.43487935325868,-113.26444348595372,0.0,100.0
36.43487935325868,-113.26444348595372,0.0,100.0
38.93487935325868,-113.26444348595372,0.0,100.0
40.43487935325868,-113.76444348595372,0.0,100.0
40.93487935325868,-113.76444348595372,0.0,100.0
36.43487935325868,-111.26444348595372,0.0,100.0
37.43487935325868,-111.26444348595372,0.0,100.0
34.43487935325868,-116.26444348595372,0.0,100.0
34.93487935325868,-116.26444348595372,0.0,100.0
35.43487935325868,-116.26444348595372,0.0,100.0
37.43487935325868,-116.26444348595372,0.0,100.0
37.93487935325868,-116.26444348595372,0.0,100.0
38.93487935325868,-116.26444348595372,0.0,100.0
26.93487935325868,-80.76444348595373,0.0,100.0
35.43487935325868,-111.26444348595372,0.0,100.0
25.93487935325868,-80.76444348595373,0.0,100.0
32.93487935325868,-110.26444348595372,0.0,100.0
34.43487935325868,-110.76444348595372,0.0,100.0
34.93487935325868,-110.76444348595372,0.0,100.0
35.43487935325868,-110.76444348595372,0.0,100.0
35.93487935325868,-110.76444348595372,0.0,100.0
36.93487935325868,-110.76444348595372,0.0,100.0
34.43487935325868,-113.76444348595372,0.0,100.0
34.93487935325868,-113.76444348595372,0.0,100.0
35.43487935325868,-113.76444348595372,0.0,100.0
36.43487935325868,-113.76444348595372,0.0,100.0
35.93487935325868,-110.26444348595372,0.0,100.0
36.43487935325868,-110.26444348595372,0.0,100.0
36.93487935325868,-110.26444348595372,0.0,100.0
33.93487935325868,-110.26444348595372,0.0,100.0
34.43487935325868,-110.26444348595372,0.0,100.0
35.43487935325868,-110.26444348595372,0.0,100.0
40.93487935325868,-114.26444348595372,0.0,100.0
44.93487935325868,-114.26444348595372,0.0,100.0
32.43487935325868,-114.26444348595372,0.0,100.0
32.93487935325868,-114.26444348595372,0.0,100.0
33.43487935325868,-114.26444348595372,0.0,100.0
34.93487935325868,-114.26444348595372,0.0,100.0
35.43487935325868,-114.26444348595372,0.0,100.0
35.93487935325868,-114.26444348595372,0.0,100.0
33.43487935325868,-109.76444348595372,0.0,100.0
33.93487935325868,-109.76444348595372,0.0,100.0
34.43487935325868,-109.76444348595372,0.0,100.0
34.93487935325868,-109.76444348595372,0.0,100.0
35.43487935325868,-109.76444348595372,0.0,100.0
35.93487935325868,-109.76444348595372,0.0,100.0
36.43487935325868,-109.76444348595372,0.0,100.0
35.93487935325868,-109.26444348595372,0.0,100.0
36.43487935325868,-109.26444348595372,0.0,100.0
36.93487935325868,-109.26444348595372,0.0,100.0
30.93487935325868,-82.26444348595373,0.0,100.0
42.43487935325868,-109.76444348595372,0.0,100.0
37.43487935325868,-82.26444348595373,0.0,100.0
36.93487935325868,-114.26444348595372,0.0,100.0
38.43487935325868,-114.26444348595372,0.0,100.0
39.43487935325868,-114.26444348595372,0.0,100.0
45.43487935325868,-114.76444348595372,0.0,100.0
37.43487935325868,-82.76444348595373,0.0,100.0
31.93487935325868,-109.26444348595372,0.0,100.0
33.43487935325868,-109.26444348595372,0.0,100.0
34.93487935325868,-109.26444348595372,0.0,100.0
35.43487935325868,-109.26444348595372,0.0,100.0
47.93487935325868,-123.76444348595372,0.0,100.0
33.93487935325868,-108.76444348595372,0.0,100.0
34.93487935325868,-108.76444348595372,0.0,100.0
41.43487935325868,-108.26444348595372,0.0,100.0
33.93487935325868,-108.26444348595372,0.0,100.0
34.43487935325868,-108.26444348595372,0.0,100.0
34.43487935325868,-114.76444348595372,0.0,100.0
35.43487935325868,-114.76444348595372,0.0,100.0
36.93487935325868,-114.76444348595372,0.0,100.0
37.43487935325868,-114.76444348595372,0.0,100.0
38.43487935325868,-114.76444348595372,0.0,100.0
33.43487935325868,-107.76444348595372,0.0,100.0
34.43487935325868,-107.76444348595372,0.0,100.0
34.93487935325868,-107.76444348595372,0.0,100.0
35.93487935325868,-107.76444348595372,0.0,100.0
36.43487935325868,-107.76444348595372,0.0,100.0
34.93487935325868,-108.26444348595372,0.0,100.0
35.43487935325868,-108.26444348595372,0.0,100.0
47.43487935325868,-123.26444348595372,0.0,100.0
47.93487935325868,-123.26444348595372,0.0,100.0
33.93487935325868,-107.26444348595372,0.0,100.0
34.43487935325868,-107.26444348595372,0.0,100.0
35.43487935325868,-107.26444348595372,0.0,100.0
35.93487935325868,-107.26444348595372,0.0,100.0
36.43487935325868,-107.26444348595372,0.0,100.0
32.43487935325868,-106.26444348595372,0.0,100.0
33.93487935325868,-106.26444348595372,0.0,100.0
40.43487935325868,-114.76444348595372,0.0,100.0
33.93487935325868,-105.76444348595372,0.0,100.0
38.43487935325868,-106.26444348595372,0.0,100.0
31.93487935325868,-105.76444348595372,0.0,100.0
31.43487935325868,-105.26444348595372,0.0,100.0
32.43487935325868,-105.26444348595372,0.0,100.0
33.93487935325868,-104.76444348595372,0.0,100.0
29.93487935325868,-104.26444348595372,0.0,100.0
47.43487935325868,-87.76444348595373,0.0,100.0
33.43487935325868,-116.26444348595372,0.0,100.0
32.93487935325868,-114.76444348595372,0.0,100.0
34.43487935325868,-115.26444348595372,0.0,100.0
34.93487935325868,-115.26444348595372,0.0,100.0
36.43487935325868,-115.26444348595372,0.0,100.0
36.93487935325868,-115.26444348595372,0.0,100.0
37.43487935325868,-116.76444348595372,0.0,100.0
42.93487935325868,-122.26444348595372,0.0,100.0
43.43487935325868,-122.26444348595372,0.0,100.0
43.93487935325868,-122.26444348595372,0.0,100.0
41.93487935325868,-116.76444348595372,0.0,100.0
46.43487935325868,-88.26444348595373,0.0,100.0
35.43487935325868,-116.76444348595372,0.0,100.0
35.93487935325868,-116.76444348595372,0.0,100.0
35.43487935325868,-117.26444348595372,0.0,100.0
35.93487935325868,-117.26444348595372,0.0,100.0
36.43487935325868,-117.26444348595372,0.0,100.0
36.93487935325868,-117.26444348595372,0.0,100.0
37.43487935325868,-117.26444348595372,0.0,100.0
37.93487935325868,-117.26444348595372,0.0,100.0
36.43487935325868,-117.76444348595372,0.0,100.0
36.93487935325868,-117.76444348595372,0.0,100.0
42.43487935325868,-115.76444348595372,0.0,100.0
29.93487935325868,-89.26444348595373,0.0,100.0
34.93487935325868,-117.76444348595372,0.0,100.0
35.43487935325868,-117.76444348595372,0.0,100.0
35.93487935325868,-117.76444348595372,0.0,100.0
44.93487935325868,-121.76444348595372,0.0,100.0
45.93487935325868,-121.76444348595372,0.0,100.0
46.93487935325868,-121.76444348595372,0.0,100.0
47.93487935325868,-90.26444348595372,0.0,100.0
29.43487935325868,-89.76444348595373,0.0,100.0
38.43487935325868,-118.26444348595372,0.0,100.0
39.43487935325868,-118.26444348595372,0.0,100.0
35.93487935325868,-118.26444348595372,0.0,100.0
47.93487935325868,-90.76444348595372,0.0,100.0
48.93487935325868,-121.76444348595372,0.0,100.0
45.93487935325868,-115.76444348595372,0.0,100.0
48.93487935325868,-115.76444348595372,0.0,100.0
33.43487935325868,-115.26444348595372,0.0,100.0
35.43487935325868,-115.76444348595372,0.0,100.0
40.93487935325868,-119.76444348595372,0.0,100.0
47.93487935325868,-91.26444348595372,0.0,100.0
46.93487935325868,-121.26444348595372,0.0,100.0
47.43487935325868,-121.26444348595372,0.0,100.0
47.93487935325868,-121.26444348595372,0.0,100.0
48.43487935325868,-121.26444348595372,0.0,100.0
47.43487935325868,-91.76444348595372,0.0,100.0
43.43487935325868,-120.26444348595372,0.0,100.0
47.93487935325868,-120.76444348595372,0.0,100.0
48.93487935325868,-120.76444348595372,0.0,100.0
47.93487935325868,-92.26444348595372,0.0,100.0
43.43487935325868,-120.76444348595372,0.0,100.0
48.43487935325868,-92.76444348595372,0.0,100.0
36.43487935325868,-115.76444348595372,0.0,100.0
36.93487935325868,-115.76444348595372,0.0,100.0
37.93487935325868,-115.76444348595372,0.0,100.0
