lon,lat,State
-124.26444348595373,40.43487935325868,California
-124.26444348595373,42.43487935325868,Oregon
-124.26444348595373,42.93487935325868,Oregon
-124.26444348595373,43.43487935325868,Oregon
-124.26444348595373,47.43487935325868,Washington
-124.26444348595373,47.93487935325868,Washington
-123.76444348595373,39.43487935325868,California
-123.76444348595373,39.93487935325868,California
-123.76444348595373,40.43487935325868,California
-123.76444348595373,40.93487935325868,California
-123.76444348595373,41.43487935325868,California
-123.76444348595373,41.93487935325868,California
-123.76444348595373,42.43487935325868,Oregon
-123.76444348595373,42.93487935325868,Oregon
-123.76444348595373,43.43487935325868,Oregon
-123.76444348595373,43.93487935325868,Oregon
-123.76444348595373,44.43487935325868,Oregon
-123.76444348595373,44.93487935325868,Oregon
-123.76444348595373,45.43487935325868,Oregon
-123.76444348595373,45.93487935325868,Oregon
-123.76444348595373,46.43487935325868,Washington
-123.76444348595373,46.93487935325868,Washington
-123.76444348595373,47.43487935325868,Washington
-123.76444348595373,47.93487935325868,Washington
-123.26444348595373,38.93487935325868,California
-123.26444348595373,39.43487935325868,California
-123.26444348595373,39.93487935325868,California
-123.26444348595373,40.43487935325868,California
-123.26444348595373,40.93487935325868,California
-123.26444348595373,41.43487935325868,California
-123.26444348595373,41.93487935325868,California
-123.26444348595373,42.43487935325868,Oregon
-123.26444348595373,42.93487935325868,Oregon
-123.26444348595373,43.43487935325868,Oregon
-123.26444348595373,43.93487935325868,Oregon
-123.26444348595373,44.43487935325868,Oregon
-123.26444348595373,44.93487935325868,Oregon
-123.26444348595373,45.43487935325868,Oregon
-123.26444348595373,45.93487935325868,Oregon
-123.26444348595373,46.43487935325868,Washington
-123.26444348595373,46.93487935325868,Washington
-123.26444348595373,47.43487935325868,Washington
-123.26444348595373,47.93487935325868,Washington
-122.76444348595373,38.43487935325868,California
-122.76444348595373,38.93487935325868,California
-122.76444348595373,39.43487935325868,California
-122.76444348595373,39.93487935325868,California
-122.76444348595373,40.43487935325868,California
-122.76444348595373,40.93487935325868,California
-122.76444348595373,41.43487935325868,California
-122.76444348595373,41.93487935325868,California
-122.76444348595373,42.43487935325868,Oregon
-122.76444348595373,42.93487935325868,Oregon
-122.76444348595373,43.43487935325868,Oregon
-122.76444348595373,43.93487935325868,Oregon
-122.76444348595373,44.43487935325868,Oregon
-122.76444348595373,44.93487935325868,Oregon
-122.76444348595373,45.43487935325868,Oregon
-122.76444348595373,45.93487935325868,Washington
-122.76444348595373,46.43487935325868,Washington
-122.76444348595373,46.93487935325868,Washington
-122.76444348595373,47.43487935325868,Washington
-122.76444348595373,47.93487935325868,Washington
-122.26444348595373,37.43487935325868,California
-122.26444348595373,37.93487935325868,California
-122.26444348595373,38.43487935325868,California
-122.26444348595373,38.93487935325868,California
-122.26444348595373,39.43487935325868,California
-122.26444348595373,39.93487935325868,California
-122.26444348595373,40.43487935325868,California
-122.26444348595373,40.93487935325868,California
-122.26444348595373,41.43487935325868,California
-122.26444348595373,41.93487935325868,California
-122.26444348595373,42.43487935325868,Oregon
-122.26444348595373,42.93487935325868,Oregon
-122.26444348595373,43.43487935325868,Oregon
-122.26444348595373,43.93487935325868,Oregon
-122.26444348595373,44.43487935325868,Oregon
-122.26444348595373,44.93487935325868,Oregon
-122.26444348595373,45.43487935325868,Oregon
-122.26444348595373,45.93487935325868,Washington
-122.26444348595373,46.43487935325868,Washington
-122.26444348595373,46.93487935325868,Washington
-122.26444348595373,47.43487935325868,Washington
-122.26444348595373,47.93487935325868,Washington
-122.26444348595373,48.43487935325868,Washington
-122.26444348595373,48.93487935325868,Washington
-121.76444348595373,36.43487935325868,California
-121.76444348595373,36.93487935325868,California
-121.76444348595373,37.43487935325868,California
-121.76444348595373,37.93487935325868,California
-121.76444348595373,38.43487935325868,California
-121.76444348595373,38.93487935325868,California
-121.76444348595373,39.43487935325868,California
-121.76444348595373,39.93487935325868,California
-121.76444348595373,40.43487935325868,California
-121.76444348595373,40.93487935325868,California
-121.76444348595373,41.43487935325868,California
-121.76444348595373,41.93487935325868,California
-121.76444348595373,42.43487935325868,Oregon
-121.76444348595373,42.93487935325868,Oregon
-121.76444348595373,43.43487935325868,Oregon
-121.76444348595373,43.93487935325868,Oregon
-121.76444348595373,44.43487935325868,Oregon
-121.76444348595373,44.93487935325868,Oregon
-121.76444348595373,45.43487935325868,Oregon
-121.76444348595373,45.93487935325868,Washington
-121.76444348595373,46.43487935325868,Washington
-121.76444348595373,46.93487935325868,Washington
-121.76444348595373,47.43487935325868,Washington
-121.76444348595373,47.93487935325868,Washington
-121.76444348595373,48.43487935325868,Washington
-121.76444348595373,48.93487935325868,Washington
-121.26444348595373,35.93487935325868,California
-121.26444348595373,36.43487935325868,California
-121.26444348595373,36.93487935325868,California
-121.26444348595373,37.43487935325868,California
-121.26444348595373,37.93487935325868,California
-121.26444348595373,38.43487935325868,California
-121.26444348595373,38.93487935325868,California
-121.26444348595373,39.43487935325868,California
-121.26444348595373,39.93487935325868,California
-121.26444348595373,40.43487935325868,California
-121.26444348595373,40.93487935325868,California
-121.26444348595373,41.43487935325868,California
-121.26444348595373,41.93487935325868,California
-121.26444348595373,42.43487935325868,Oregon
-121.26444348595373,42.93487935325868,Oregon
-121.26444348595373,43.43487935325868,Oregon
-121.26444348595373,43.93487935325868,Oregon
-121.26444348595373,44.43487935325868,Oregon
-121.26444348595373,44.93487935325868,Oregon
-121.26444348595373,45.43487935325868,Oregon
-121.26444348595373,45.93487935325868,Washington
-121.26444348595373,46.43487935325868,Washington
-121.26444348595373,46.93487935325868,Washington
-121.26444348595373,47.43487935325868,Washington
-121.26444348595373,47.93487935325868,Washington
-121.26444348595373,48.43487935325868,Washington
-121.26444348595373,48.93487935325868,Washington
-120.76444348595373,35.43487935325868,California
-120.76444348595373,35.93487935325868,California
-120.76444348595373,36.43487935325868,California
-120.76444348595373,36.93487935325868,California
-120.76444348595373,37.43487935325868,California
-120.76444348595373,37.93487935325868,California
-120.76444348595373,38.43487935325868,California
-120.76444348595373,38.93487935325868,California
-120.76444348595373,39.43487935325868,California
-120.76444348595373,39.93487935325868,California
-120.76444348595373,40.43487935325868,California
-120.76444348595373,40.93487935325868,California
-120.76444348595373,41.43487935325868,California
-120.76444348595373,41.93487935325868,California
-120.76444348595373,42.43487935325868,Oregon
-120.76444348595373,42.93487935325868,Oregon
-120.76444348595373,43.43487935325868,Oregon
-120.76444348595373,43.93487935325868,Oregon
-120.76444348595373,44.43487935325868,Oregon
-120.76444348595373,44.93487935325868,Oregon
-120.76444348595373,45.43487935325868,Oregon
-120.76444348595373,45.93487935325868,Washington
-120.76444348595373,46.43487935325868,Washington
-120.76444348595373,46.93487935325868,Washington
-120.76444348595373,47.43487935325868,Washington
-120.76444348595373,47.93487935325868,Washington
-120.76444348595373,48.43487935325868,Washington
-120.76444348595373,48.93487935325868,Washington
-120.26444348595373,34.93487935325868,California
-120.26444348595373,35.43487935325868,California
-120.26444348595373,35.93487935325868,California
-120.26444348595373,36.43487935325868,California
-120.26444348595373,36.93487935325868,California
-120.26444348595373,37.43487935325868,California
-120.26444348595373,37.93487935325868,California
-120.26444348595373,38.43487935325868,California
-120.26444348595373,38.93487935325868,California
-120.26444348595373,39.43487935325868,California
-120.26444348595373,39.93487935325868,California
-120.26444348595373,40.43487935325868,California
-120.26444348595373,40.93487935325868,California
-120.26444348595373,41.43487935325868,California
-120.26444348595373,41.93487935325868,California
-120.26444348595373,42.43487935325868,Oregon
-120.26444348595373,42.93487935325868,Oregon
-120.26444348595373,43.43487935325868,Oregon
-120.26444348595373,43.93487935325868,Oregon
-120.26444348595373,44.43487935325868,Oregon
-120.26444348595373,44.93487935325868,Oregon
-120.26444348595373,45.43487935325868,Oregon
-120.26444348595373,45.93487935325868,Washington
-120.26444348595373,46.43487935325868,Washington
-120.26444348595373,46.93487935325868,Washington
-120.26444348595373,47.43487935325868,Washington
-120.26444348595373,47.93487935325868,Washington
-120.26444348595373,48.43487935325868,Washington
-120.26444348595373,48.93487935325868,Washington
-119.76444348595373,34.43487935325868,California
-119.76444348595373,34.93487935325868,California
-119.76444348595373,35.43487935325868,California
-119.76444348595373,35.93487935325868,California
-119.76444348595373,36.43487935325868,California
-119.76444348595373,36.93487935325868,California
-119.76444348595373,37.43487935325868,California
-119.76444348595373,37.93487935325868,California
-119.76444348595373,38.43487935325868,California
-119.76444348595373,38.93487935325868,Nevada
-119.76444348595373,39.43487935325868,Nevada
-119.76444348595373,39.93487935325868,Nevada
-119.76444348595373,40.43487935325868,Nevada
-119.76444348595373,40.93487935325868,Nevada
-119.76444348595373,41.43487935325868,Nevada
-119.76444348595373,41.93487935325868,Nevada
-119.76444348595373,42.43487935325868,Oregon
-119.76444348595373,42.93487935325868,Oregon
-119.76444348595373,43.43487935325868,Oregon
-119.76444348595373,43.93487935325868,Oregon
-119.76444348595373,44.43487935325868,Oregon
-119.76444348595373,44.93487935325868,Oregon
-119.76444348595373,45.43487935325868,Oregon
-119.76444348595373,45.93487935325868,Washington
-119.76444348595373,46.43487935325868,Washington
-119.76444348595373,46.93487935325868,Washington
-119.76444348595373,47.43487935325868,Washington
-119.76444348595373,47.93487935325868,Washington
-119.76444348595373,48.43487935325868,Washington
-119.76444348595373,48.93487935325868,Washington
-119.26444348595373,34.43487935325868,California
-119.26444348595373,34.93487935325868,California
-119.26444348595373,35.43487935325868,California
-119.26444348595373,35.93487935325868,California
-119.26444348595373,36.43487935325868,California
-119.26444348595373,36.93487935325868,California
-119.26444348595373,37.43487935325868,California
-119.26444348595373,37.93487935325868,California
-119.26444348595373,38.43487935325868,California
-119.26444348595373,38.93487935325868,Nevada
-119.26444348595373,39.43487935325868,Nevada
-119.26444348595373,39.93487935325868,Nevada
-119.26444348595373,40.43487935325868,Nevada
-119.26444348595373,40.93487935325868,Nevada
-119.26444348595373,41.43487935325868,Nevada
-119.26444348595373,41.93487935325868,Nevada
-119.26444348595373,42.43487935325868,Oregon
-119.26444348595373,42.93487935325868,Oregon
-119.26444348595373,43.43487935325868,Oregon
-119.26444348595373,43.93487935325868,Oregon
-119.26444348595373,44.43487935325868,Oregon
-119.26444348595373,44.93487935325868,Oregon
-119.26444348595373,45.43487935325868,Oregon
-119.26444348595373,45.93487935325868,Oregon
-119.26444348595373,46.43487935325868,Washington
-119.26444348595373,46.93487935325868,Washington
-119.26444348595373,47.43487935325868,Washington
-119.26444348595373,47.93487935325868,Washington
-119.26444348595373,48.43487935325868,Washington
-119.26444348595373,48.93487935325868,Washington
-118.76444348595373,34.43487935325868,California
-118.76444348595373,34.93487935325868,California
-118.76444348595373,35.43487935325868,California
-118.76444348595373,35.93487935325868,California
-118.76444348595373,36.43487935325868,California
-118.76444348595373,36.93487935325868,California
-118.76444348595373,37.43487935325868,California
-118.76444348595373,37.93487935325868,California
-118.76444348595373,38.43487935325868,Nevada
-118.76444348595373,38.93487935325868,Nevada
-118.76444348595373,39.43487935325868,Nevada
-118.76444348595373,39.93487935325868,Nevada
-118.76444348595373,40.43487935325868,Nevada
-118.76444348595373,40.93487935325868,Nevada
-118.76444348595373,41.43487935325868,Nevada
-118.76444348595373,41.93487935325868,Nevada
-118.76444348595373,42.43487935325868,Oregon
-118.76444348595373,42.93487935325868,Oregon
-118.76444348595373,43.43487935325868,Oregon
-118.76444348595373,43.93487935325868,Oregon
-118.76444348595373,44.43487935325868,Oregon
-118.76444348595373,44.93487935325868,Oregon
-118.76444348595373,45.43487935325868,Oregon
-118.76444348595373,45.93487935325868,Oregon
-118.76444348595373,46.43487935325868,Washington
-118.76444348595373,46.93487935325868,Washington
-118.76444348595373,47.43487935325868,Washington
-118.76444348595373,47.93487935325868,Washington
-118.76444348595373,48.43487935325868,Washington
-118.76444348595373,48.93487935325868,Washington
-118.26444348595373,33.93487935325868,California
-118.26444348595373,34.43487935325868,California
-118.26444348595373,34.93487935325868,California
-118.26444348595373,35.43487935325868,California
-118.26444348595373,35.93487935325868,California
-118.26444348595373,36.43487935325868,California
-118.26444348595373,36.93487935325868,California
-118.26444348595373,37.43487935325868,California
-118.26444348595373,37.93487935325868,Nevada
-118.26444348595373,38.43487935325868,Nevada
-118.26444348595373,38.93487935325868,Nevada
-118.26444348595373,39.43487935325868,Nevada
-118.26444348595373,39.93487935325868,Nevada
-118.26444348595373,40.43487935325868,Nevada
-118.26444348595373,40.93487935325868,Nevada
-118.26444348595373,41.43487935325868,Nevada
-118.26444348595373,41.93487935325868,Nevada
-118.26444348595373,42.43487935325868,Oregon
-118.26444348595373,42.93487935325868,Oregon
-118.26444348595373,43.43487935325868,Oregon
-118.26444348595373,43.93487935325868,Oregon
-118.26444348595373,44.43487935325868,Oregon
-118.26444348595373,44.93487935325868,Oregon
-118.26444348595373,45.43487935325868,Oregon
-118.26444348595373,45.93487935325868,Oregon
-118.26444348595373,46.43487935325868,Washington
-118.26444348595373,46.93487935325868,Washington
-118.26444348595373,47.43487935325868,Washington
-118.26444348595373,47.93487935325868,Washington
-118.26444348595373,48.43487935325868,Washington
-118.26444348595373,48.93487935325868,Washington
-117.76444348595373,33.93487935325868,California
-117.76444348595373,34.43487935325868,California
-117.76444348595373,34.93487935325868,California
-117.76444348595373,35.43487935325868,California
-117.76444348595373,35.93487935325868,California
-117.76444348595373,36.43487935325868,California
-117.76444348595373,36.93487935325868,California
-117.76444348595373,37.43487935325868,Nevada
-117.76444348595373,37.93487935325868,Nevada
-117.76444348595373,38.43487935325868,Nevada
-117.76444348595373,38.93487935325868,Nevada
-117.76444348595373,39.43487935325868,Nevada
-117.76444348595373,39.93487935325868,Nevada
-117.76444348595373,40.43487935325868,Nevada
-117.76444348595373,40.93487935325868,Nevada
-117.76444348595373,41.43487935325868,Nevada
-117.76444348595373,41.93487935325868,Nevada
-117.76444348595373,42.43487935325868,Oregon
-117.76444348595373,42.93487935325868,Oregon
-117.76444348595373,43.43487935325868,Oregon
-117.76444348595373,43.93487935325868,Oregon
-117.76444348595373,44.43487935325868,Oregon
-117.76444348595373,44.93487935325868,Oregon
-117.76444348595373,45.43487935325868,Oregon
-117.76444348595373,45.93487935325868,Oregon
-117.76444348595373,46.43487935325868,Washington
-117.76444348595373,46.93487935325868,Washington
-117.76444348595373,47.43487935325868,Washington
-117.76444348595373,47.93487935325868,Washington
-117.76444348595373,48.43487935325868,Washington
-117.76444348595373,48.93487935325868,Washington
-117.26444348595373,33.43487935325868,California
-117.26444348595373,33.93487935325868,California
-117.26444348595373,34.43487935325868,California
-117.26444348595373,34.93487935325868,California
-117.26444348595373,35.43487935325868,California
-117.26444348595373,35.93487935325868,California
-117.26444348595373,36.43487935325868,California
-117.26444348595373,36.93487935325868,California
-117.26444348595373,37.43487935325868,Nevada
-117.26444348595373,37.93487935325868,Nevada
-117.26444348595373,38.43487935325868,Nevada
-117.26444348595373,38.93487935325868,Nevada
-117.26444348595373,39.43487935325868,Nevada
-117.26444348595373,39.93487935325868,Nevada
-117.26444348595373,40.43487935325868,Nevada
-117.26444348595373,40.93487935325868,Nevada
-117.26444348595373,41.43487935325868,Nevada
-117.26444348595373,41.93487935325868,Nevada
-117.26444348595373,42.43487935325868,Oregon
-117.26444348595373,42.93487935325868,Oregon
-117.26444348595373,43.43487935325868,Oregon
-117.26444348595373,43.93487935325868,Oregon
-117.26444348595373,44.43487935325868,Oregon
-117.26444348595373,44.93487935325868,Oregon
-117.26444348595373,45.43487935325868,Oregon
-117.26444348595373,45.93487935325868,Oregon
-117.26444348595373,46.43487935325868,Washington
-117.26444348595373,46.93487935325868,Washington
-117.26444348595373,47.43487935325868,Washington
-117.26444348595373,47.93487935325868,Washington
-117.26444348595373,48.43487935325868,Washington
-117.26444348595373,48.93487935325868,Washington
-116.76444348595373,32.93487935325868,California
-116.76444348595373,33.43487935325868,California
-116.76444348595373,33.93487935325868,California
-116.76444348595373,34.43487935325868,California
-116.76444348595373,34.93487935325868,California
-116.76444348595373,35.43487935325868,California
-116.76444348595373,35.93487935325868,California
-116.76444348595373,36.43487935325868,California
-116.76444348595373,36.93487935325868,Nevada
-116.76444348595373,37.43487935325868,Nevada
-116.76444348595373,37.93487935325868,Nevada
-116.76444348595373,38.43487935325868,Nevada
-116.76444348595373,38.93487935325868,Nevada
-116.76444348595373,39.43487935325868,Nevada
-116.76444348595373,39.93487935325868,Nevada
-116.76444348595373,40.43487935325868,Nevada
-116.76444348595373,40.93487935325868,Nevada
-116.76444348595373,41.43487935325868,Nevada
-116.76444348595373,41.93487935325868,Nevada
-116.76444348595373,42.43487935325868,Idaho
-116.76444348595373,42.93487935325868,Idaho
-116.76444348595373,43.43487935325868,Idaho
-116.76444348595373,43.93487935325868,Idaho
-116.76444348595373,44.43487935325868,Idaho
-116.76444348595373,44.93487935325868,Idaho
-116.76444348595373,45.43487935325868,Oregon
-116.76444348595373,45.93487935325868,Idaho
-116.76444348595373,46.43487935325868,Idaho
-116.76444348595373,46.93487935325868,Idaho
-116.76444348595373,47.43487935325868,Idaho
-116.76444348595373,47.93487935325868,Idaho
-116.76444348595373,48.43487935325868,Idaho
-116.76444348595373,48.93487935325868,Idaho
-116.26444348595373,32.93487935325868,California
-116.26444348595373,33.43487935325868,California
-116.26444348595373,33.93487935325868,California
-116.26444348595373,34.43487935325868,California
-116.26444348595373,34.93487935325868,California
-116.26444348595373,35.43487935325868,California
-116.26444348595373,35.93487935325868,California
-116.26444348595373,36.43487935325868,Nevada
-116.26444348595373,36.93487935325868,Nevada
-116.26444348595373,37.43487935325868,Nevada
-116.26444348595373,37.93487935325868,Nevada
-116.26444348595373,38.43487935325868,Nevada
-116.26444348595373,38.93487935325868,Nevada
-116.26444348595373,39.43487935325868,Nevada
-116.26444348595373,39.93487935325868,Nevada
-116.26444348595373,40.43487935325868,Nevada
-116.26444348595373,40.93487935325868,Nevada
-116.26444348595373,41.43487935325868,Nevada
-116.26444348595373,41.93487935325868,Nevada
-116.26444348595373,42.43487935325868,Idaho
-116.26444348595373,42.93487935325868,Idaho
-116.26444348595373,43.43487935325868,Idaho
-116.26444348595373,43.93487935325868,Idaho
-116.26444348595373,44.43487935325868,Idaho
-116.26444348595373,44.93487935325868,Idaho
-116.26444348595373,45.43487935325868,Idaho
-116.26444348595373,45.93487935325868,Idaho
-116.26444348595373,46.43487935325868,Idaho
-116.26444348595373,46.93487935325868,Idaho
-116.26444348595373,47.43487935325868,Idaho
-116.26444348595373,47.93487935325868,Idaho
-116.26444348595373,48.43487935325868,Idaho
-116.26444348595373,48.93487935325868,Idaho
-115.76444348595373,32.93487935325868,California
-115.76444348595373,33.43487935325868,California
-115.76444348595373,33.93487935325868,California
-115.76444348595373,34.43487935325868,California
-115.76444348595373,34.93487935325868,California
-115.76444348595373,35.43487935325868,California
-115.76444348595373,35.93487935325868,Nevada
-115.76444348595373,36.43487935325868,Nevada
-115.76444348595373,36.93487935325868,Nevada
-115.76444348595373,37.43487935325868,Nevada
-115.76444348595373,37.93487935325868,Nevada
-115.76444348595373,38.43487935325868,Nevada
-115.76444348595373,38.93487935325868,Nevada
-115.76444348595373,39.43487935325868,Nevada
-115.76444348595373,39.93487935325868,Nevada
-115.76444348595373,40.43487935325868,Nevada
-115.76444348595373,40.93487935325868,Nevada
-115.76444348595373,41.43487935325868,Nevada
-115.76444348595373,41.93487935325868,Nevada
-115.76444348595373,42.43487935325868,Idaho
-115.76444348595373,42.93487935325868,Idaho
-115.76444348595373,43.43487935325868,Idaho
-115.76444348595373,43.93487935325868,Idaho
-115.76444348595373,44.43487935325868,Idaho
-115.76444348595373,44.93487935325868,Idaho
-115.76444348595373,45.43487935325868,Idaho
-115.76444348595373,45.93487935325868,Idaho
-115.76444348595373,46.43487935325868,Idaho
-115.76444348595373,46.93487935325868,Idaho
-115.76444348595373,47.43487935325868,Idaho
-115.76444348595373,47.93487935325868,Montana
-115.76444348595373,48.43487935325868,Montana
-115.76444348595373,48.93487935325868,Montana
-115.26444348595373,32.93487935325868,California
-115.26444348595373,33.43487935325868,California
-115.26444348595373,33.93487935325868,California
-115.26444348595373,34.43487935325868,California
-115.26444348595373,34.93487935325868,California
-115.26444348595373,35.43487935325868,California
-115.26444348595373,35.93487935325868,Nevada
-115.26444348595373,36.43487935325868,Nevada
-115.26444348595373,36.93487935325868,Nevada
-115.26444348595373,37.43487935325868,Nevada
-115.26444348595373,37.93487935325868,Nevada
-115.26444348595373,38.43487935325868,Nevada
-115.26444348595373,38.93487935325868,Nevada
-115.26444348595373,39.43487935325868,Nevada
-115.26444348595373,39.93487935325868,Nevada
-115.26444348595373,40.43487935325868,Nevada
-115.26444348595373,40.93487935325868,Nevada
-115.26444348595373,41.43487935325868,Nevada
-115.26444348595373,41.93487935325868,Nevada
-115.26444348595373,42.43487935325868,Idaho
-115.26444348595373,42.93487935325868,Idaho
-115.26444348595373,43.43487935325868,Idaho
-115.26444348595373,43.93487935325868,Idaho
-115.26444348595373,44.43487935325868,Idaho
-115.26444348595373,44.93487935325868,Idaho
-115.26444348595373,45.43487935325868,Idaho
-115.26444348595373,45.93487935325868,Idaho
-115.26444348595373,46.43487935325868,Idaho
-115.26444348595373,46.93487935325868,Idaho
-115.26444348595373,47.43487935325868,Montana
-115.26444348595373,47.93487935325868,Montana
-115.26444348595373,48.43487935325868,Montana
-115.26444348595373,48.93487935325868,Montana
-114.76444348595373,32.93487935325868,California
-114.76444348595373,33.43487935325868,California
-114.76444348595373,33.93487935325868,California
-114.76444348595373,34.43487935325868,California
-114.76444348595373,34.93487935325868,California
-114.76444348595373,35.43487935325868,Nevada
-114.76444348595373,35.93487935325868,Nevada
-114.76444348595373,36.43487935325868,Nevada
-114.76444348595373,36.93487935325868,Nevada
-114.76444348595373,37.43487935325868,Nevada
-114.76444348595373,37.93487935325868,Nevada
-114.76444348595373,38.43487935325868,Nevada
-114.76444348595373,38.93487935325868,Nevada
-114.76444348595373,39.43487935325868,Nevada
-114.76444348595373,39.93487935325868,Nevada
-114.76444348595373,40.43487935325868,Nevada
-114.76444348595373,40.93487935325868,Nevada
-114.76444348595373,41.43487935325868,Nevada
-114.76444348595373,41.93487935325868,Nevada
-114.76444348595373,42.43487935325868,Idaho
-114.76444348595373,42.93487935325868,Idaho
-114.76444348595373,43.43487935325868,Idaho
-114.76444348595373,43.93487935325868,Idaho
-114.76444348595373,44.43487935325868,Idaho
-114.76444348595373,44.93487935325868,Idaho
-114.76444348595373,45.43487935325868,Idaho
-114.76444348595373,45.93487935325868,Idaho
-114.76444348595373,46.43487935325868,Idaho
-114.76444348595373,46.93487935325868,Montana
-114.76444348595373,47.43487935325868,Montana
-114.76444348595373,47.93487935325868,Montana
-114.76444348595373,48.43487935325868,Montana
-114.76444348595373,48.93487935325868,Montana
-114.26444348595373,32.43487935325868,Arizona
-114.26444348595373,32.93487935325868,Arizona
-114.26444348595373,33.43487935325868,Arizona
-114.26444348595373,33.93487935325868,Arizona
-114.26444348595373,34.43487935325868,Arizona
-114.26444348595373,34.93487935325868,Arizona
-114.26444348595373,35.43487935325868,Arizona
-114.26444348595373,35.93487935325868,Arizona
-114.26444348595373,36.43487935325868,Nevada
-114.26444348595373,36.93487935325868,Nevada
-114.26444348595373,37.43487935325868,Nevada
-114.26444348595373,37.93487935325868,Nevada
-114.26444348595373,38.43487935325868,Nevada
-114.26444348595373,38.93487935325868,Nevada
-114.26444348595373,39.43487935325868,Nevada
-114.26444348595373,39.93487935325868,Nevada
-114.26444348595373,40.43487935325868,Nevada
-114.26444348595373,40.93487935325868,Nevada
-114.26444348595373,41.43487935325868,Nevada
-114.26444348595373,41.93487935325868,Nevada
-114.26444348595373,42.43487935325868,Idaho
-114.26444348595373,42.93487935325868,Idaho
-114.26444348595373,43.43487935325868,Idaho
-114.26444348595373,43.93487935325868,Idaho
-114.26444348595373,44.43487935325868,Idaho
-114.26444348595373,44.93487935325868,Idaho
-114.26444348595373,45.43487935325868,Idaho
-114.26444348595373,45.93487935325868,Montana
-114.26444348595373,46.43487935325868,Montana
-114.26444348595373,46.93487935325868,Montana
-114.26444348595373,47.43487935325868,Montana
-114.26444348595373,47.93487935325868,Montana
-114.26444348595373,48.43487935325868,Montana
-114.26444348595373,48.93487935325868,Montana
-113.76444348595373,32.43487935325868,Arizona
-113.76444348595373,32.93487935325868,Arizona
-113.76444348595373,33.43487935325868,Arizona
-113.76444348595373,33.93487935325868,Arizona
-113.76444348595373,34.43487935325868,Arizona
-113.76444348595373,34.93487935325868,Arizona
-113.76444348595373,35.43487935325868,Arizona
-113.76444348595373,35.93487935325868,Arizona
-113.76444348595373,36.43487935325868,Arizona
-113.76444348595373,36.93487935325868,Arizona
-113.76444348595373,37.43487935325868,Utah
-113.76444348595373,37.93487935325868,Utah
-113.76444348595373,38.43487935325868,Utah
-113.76444348595373,38.93487935325868,Utah
-113.76444348595373,39.43487935325868,Utah
-113.76444348595373,39.93487935325868,Utah
-113.76444348595373,40.43487935325868,Utah
-113.76444348595373,40.93487935325868,Utah
-113.76444348595373,41.43487935325868,Utah
-113.76444348595373,41.93487935325868,Utah
-113.76444348595373,42.43487935325868,Idaho
-113.76444348595373,42.93487935325868,Idaho
-113.76444348595373,43.43487935325868,Idaho
-113.76444348595373,43.93487935325868,Idaho
-113.76444348595373,44.43487935325868,Idaho
-113.76444348595373,44.93487935325868,Idaho
-113.76444348595373,45.43487935325868,Montana
-113.76444348595373,45.93487935325868,Montana
-113.76444348595373,46.43487935325868,Montana
-113.76444348595373,46.93487935325868,Montana
-113.76444348595373,47.43487935325868,Montana
-113.76444348595373,47.93487935325868,Montana
-113.76444348595373,48.43487935325868,Montana
-113.76444348595373,48.93487935325868,Montana
-113.26444348595373,32.43487935325868,Arizona
-113.26444348595373,32.93487935325868,Arizona
-113.26444348595373,33.43487935325868,Arizona
-113.26444348595373,33.93487935325868,Arizona
-113.26444348595373,34.43487935325868,Arizona
-113.26444348595373,34.93487935325868,Arizona
-113.26444348595373,35.43487935325868,Arizona
-113.26444348595373,35.93487935325868,Arizona
-113.26444348595373,36.43487935325868,Arizona
-113.26444348595373,36.93487935325868,Arizona
-113.26444348595373,37.43487935325868,Utah
-113.26444348595373,37.93487935325868,Utah
-113.26444348595373,38.43487935325868,Utah
-113.26444348595373,38.93487935325868,Utah
-113.26444348595373,39.43487935325868,Utah
-113.26444348595373,39.93487935325868,Utah
-113.26444348595373,40.43487935325868,Utah
-113.26444348595373,40.93487935325868,Utah
-113.26444348595373,41.43487935325868,Utah
-113.26444348595373,41.93487935325868,Utah
-113.26444348595373,42.43487935325868,Idaho
-113.26444348595373,42.93487935325868,Idaho
-113.26444348595373,43.43487935325868,Idaho
-113.26444348595373,43.93487935325868,Idaho
-113.26444348595373,44.43487935325868,Idaho
-113.26444348595373,44.93487935325868,Montana
-113.26444348595373,45.43487935325868,Montana
-113.26444348595373,45.93487935325868,Montana
-113.26444348595373,46.43487935325868,Montana
-113.26444348595373,46.93487935325868,Montana
-113.26444348595373,47.43487935325868,Montana
-113.26444348595373,47.93487935325868,Montana
-113.26444348595373,48.43487935325868,Montana
-113.26444348595373,48.93487935325868,Montana
-112.76444348595373,31.934879353258676,Arizona
-112.76444348595373,32.43487935325868,Arizona
-112.76444348595373,32.93487935325868,Arizona
-112.76444348595373,33.43487935325868,Arizona
-112.76444348595373,33.93487935325868,Arizona
-112.76444348595373,34.43487935325868,Arizona
-112.76444348595373,34.93487935325868,Arizona
-112.76444348595373,35.43487935325868,Arizona
-112.76444348595373,35.93487935325868,Arizona
-112.76444348595373,36.43487935325868,Arizona
-112.76444348595373,36.93487935325868,Arizona
-112.76444348595373,37.43487935325868,Utah
-112.76444348595373,37.93487935325868,Utah
-112.76444348595373,38.43487935325868,Utah
-112.76444348595373,38.93487935325868,Utah
-112.76444348595373,39.43487935325868,Utah
-112.76444348595373,39.93487935325868,Utah
-112.76444348595373,40.43487935325868,Utah
-112.76444348595373,40.93487935325868,Utah
-112.76444348595373,41.43487935325868,Utah
-112.76444348595373,41.93487935325868,Utah
-112.76444348595373,42.43487935325868,Idaho
-112.76444348595373,42.93487935325868,Idaho
-112.76444348595373,43.43487935325868,Idaho
-112.76444348595373,43.93487935325868,Idaho
-112.76444348595373,44.43487935325868,Idaho
-112.76444348595373,44.93487935325868,Montana
-112.76444348595373,45.43487935325868,Montana
-112.76444348595373,45.93487935325868,Montana
-112.76444348595373,46.43487935325868,Montana
-112.76444348595373,46.93487935325868,Montana
-112.76444348595373,47.43487935325868,Montana
-112.76444348595373,47.93487935325868,Montana
-112.76444348595373,48.43487935325868,Montana
-112.76444348595373,48.93487935325868,Montana
-112.26444348595373,31.934879353258676,Arizona
-112.26444348595373,32.43487935325868,Arizona
-112.26444348595373,32.93487935325868,Arizona
-112.26444348595373,33.43487935325868,Arizona
-112.26444348595373,33.93487935325868,Arizona
-112.26444348595373,34.43487935325868,Arizona
-112.26444348595373,34.93487935325868,Arizona
-112.26444348595373,35.43487935325868,Arizona
-112.26444348595373,35.93487935325868,Arizona
-112.26444348595373,36.43487935325868,Arizona
-112.26444348595373,36.93487935325868,Arizona
-112.26444348595373,37.43487935325868,Utah
-112.26444348595373,37.93487935325868,Utah
-112.26444348595373,38.43487935325868,Utah
-112.26444348595373,38.93487935325868,Utah
-112.26444348595373,39.43487935325868,Utah
-112.26444348595373,39.93487935325868,Utah
-112.26444348595373,40.43487935325868,Utah
-112.26444348595373,40.93487935325868,Utah
-112.26444348595373,41.43487935325868,Utah
-112.26444348595373,41.93487935325868,Utah
-112.26444348595373,42.43487935325868,Idaho
-112.26444348595373,42.93487935325868,Idaho
-112.26444348595373,43.43487935325868,Idaho
-112.26444348595373,43.93487935325868,Idaho
-112.26444348595373,44.43487935325868,Idaho
-112.26444348595373,44.93487935325868,Montana
-112.26444348595373,45.43487935325868,Montana
-112.26444348595373,45.93487935325868,Montana
-112.26444348595373,46.43487935325868,Montana
-112.26444348595373,46.93487935325868,Montana
-112.26444348595373,47.43487935325868,Montana
-112.26444348595373,47.93487935325868,Montana
-112.26444348595373,48.43487935325868,Montana
-112.26444348595373,48.93487935325868,Montana
-111.76444348595373,31.934879353258676,Arizona
-111.76444348595373,32.43487935325868,Arizona
-111.76444348595373,32.93487935325868,Arizona
-111.76444348595373,33.43487935325868,Arizona
-111.76444348595373,33.93487935325868,Arizona
-111.76444348595373,34.43487935325868,Arizona
-111.76444348595373,34.93487935325868,Arizona
-111.76444348595373,35.43487935325868,Arizona
-111.76444348595373,35.93487935325868,Arizona
-111.76444348595373,36.43487935325868,Arizona
-111.76444348595373,36.93487935325868,Arizona
-111.76444348595373,37.43487935325868,Utah
-111.76444348595373,37.93487935325868,Utah
-111.76444348595373,38.43487935325868,Utah
-111.76444348595373,38.93487935325868,Utah
-111.76444348595373,39.43487935325868,Utah
-111.76444348595373,39.93487935325868,Utah
-111.76444348595373,40.43487935325868,Utah
-111.76444348595373,40.93487935325868,Utah
-111.76444348595373,41.43487935325868,Utah
-111.76444348595373,41.93487935325868,Utah
-111.76444348595373,42.43487935325868,Idaho
-111.76444348595373,42.93487935325868,Idaho
-111.76444348595373,43.43487935325868,Idaho
-111.76444348595373,43.93487935325868,Idaho
-111.76444348595373,44.43487935325868,Idaho
-111.76444348595373,44.93487935325868,Montana
-111.76444348595373,45.43487935325868,Montana
-111.76444348595373,45.93487935325868,Montana
-111.76444348595373,46.43487935325868,Montana
-111.76444348595373,46.93487935325868,Montana
-111.76444348595373,47.43487935325868,Montana
-111.76444348595373,47.93487935325868,Montana
-111.76444348595373,48.43487935325868,Montana
-111.76444348595373,48.93487935325868,Montana
-111.26444348595373,31.434879353258676,Arizona
-111.26444348595373,31.934879353258676,Arizona
-111.26444348595373,32.43487935325868,Arizona
-111.26444348595373,32.93487935325868,Arizona
-111.26444348595373,33.43487935325868,Arizona
-111.26444348595373,33.93487935325868,Arizona
-111.26444348595373,34.43487935325868,Arizona
-111.26444348595373,34.93487935325868,Arizona
-111.26444348595373,35.43487935325868,Arizona
-111.26444348595373,35.93487935325868,Arizona
-111.26444348595373,36.43487935325868,Arizona
-111.26444348595373,36.93487935325868,Arizona
-111.26444348595373,37.43487935325868,Utah
-111.26444348595373,37.93487935325868,Utah
-111.26444348595373,38.43487935325868,Utah
-111.26444348595373,38.93487935325868,Utah
-111.26444348595373,39.43487935325868,Utah
-111.26444348595373,39.93487935325868,Utah
-111.26444348595373,40.43487935325868,Utah
-111.26444348595373,40.93487935325868,Utah
-111.26444348595373,41.43487935325868,Utah
-111.26444348595373,41.93487935325868,Utah
-111.26444348595373,42.43487935325868,Idaho
-111.26444348595373,42.93487935325868,Idaho
-111.26444348595373,43.43487935325868,Idaho
-111.26444348595373,43.93487935325868,Idaho
-111.26444348595373,44.43487935325868,Idaho
-111.26444348595373,44.93487935325868,Montana
-111.26444348595373,45.43487935325868,Montana
-111.26444348595373,45.93487935325868,Montana
-111.26444348595373,46.43487935325868,Montana
-111.26444348595373,46.93487935325868,Montana
-111.26444348595373,47.43487935325868,Montana
-111.26444348595373,47.93487935325868,Montana
-111.26444348595373,48.43487935325868,Montana
-111.26444348595373,48.93487935325868,Montana
-110.76444348595373,31.434879353258676,Arizona
-110.76444348595373,31.934879353258676,Arizona
-110.76444348595373,32.43487935325868,Arizona
-110.76444348595373,32.93487935325868,Arizona
-110.76444348595373,33.43487935325868,Arizona
-110.76444348595373,33.93487935325868,Arizona
-110.76444348595373,34.43487935325868,Arizona
-110.76444348595373,34.93487935325868,Arizona
-110.76444348595373,35.43487935325868,Arizona
-110.76444348595373,35.93487935325868,Arizona
-110.76444348595373,36.43487935325868,Arizona
-110.76444348595373,36.93487935325868,Arizona
-110.76444348595373,37.43487935325868,Utah
-110.76444348595373,37.93487935325868,Utah
-110.76444348595373,38.43487935325868,Utah
-110.76444348595373,38.93487935325868,Utah
-110.76444348595373,39.43487935325868,Utah
-110.76444348595373,39.93487935325868,Utah
-110.76444348595373,40.43487935325868,Utah
-110.76444348595373,40.93487935325868,Utah
-110.76444348595373,41.43487935325868,Wyoming
-110.76444348595373,41.93487935325868,Wyoming
-110.76444348595373,42.43487935325868,Wyoming
-110.76444348595373,42.93487935325868,Wyoming
-110.76444348595373,43.43487935325868,Wyoming
-110.76444348595373,43.93487935325868,Wyoming
-110.76444348595373,44.43487935325868,Wyoming
-110.76444348595373,44.93487935325868,Wyoming
-110.76444348595373,45.43487935325868,Montana
-110.76444348595373,45.93487935325868,Montana
-110.76444348595373,46.43487935325868,Montana
-110.76444348595373,46.93487935325868,Montana
-110.76444348595373,47.43487935325868,Montana
-110.76444348595373,47.93487935325868,Montana
-110.76444348595373,48.43487935325868,Montana
-110.76444348595373,48.93487935325868,Montana
-110.26444348595373,31.434879353258676,Arizona
-110.26444348595373,31.934879353258676,Arizona
-110.26444348595373,32.43487935325868,Arizona
-110.26444348595373,32.93487935325868,Arizona
-110.26444348595373,33.43487935325868,Arizona
-110.26444348595373,33.93487935325868,Arizona
-110.26444348595373,34.43487935325868,Arizona
-110.26444348595373,34.93487935325868,Arizona
-110.26444348595373,35.43487935325868,Arizona
-110.26444348595373,35.93487935325868,Arizona
-110.26444348595373,36.43487935325868,Arizona
-110.26444348595373,36.93487935325868,Arizona
-110.26444348595373,37.43487935325868,Utah
-110.26444348595373,37.93487935325868,Utah
-110.26444348595373,38.43487935325868,Utah
-110.26444348595373,38.93487935325868,Utah
-110.26444348595373,39.43487935325868,Utah
-110.26444348595373,39.93487935325868,Utah
-110.26444348595373,40.43487935325868,Utah
-110.26444348595373,40.93487935325868,Utah
-110.26444348595373,41.43487935325868,Wyoming
-110.26444348595373,41.93487935325868,Wyoming
-110.26444348595373,42.43487935325868,Wyoming
-110.26444348595373,42.93487935325868,Wyoming
-110.26444348595373,43.43487935325868,Wyoming
-110.26444348595373,43.93487935325868,Wyoming
-110.26444348595373,44.43487935325868,Wyoming
-110.26444348595373,44.93487935325868,Wyoming
-110.26444348595373,45.43487935325868,Montana
-110.26444348595373,45.93487935325868,Montana
-110.26444348595373,46.43487935325868,Montana
-110.26444348595373,46.93487935325868,Montana
-110.26444348595373,47.43487935325868,Montana
-110.26444348595373,47.93487935325868,Montana
-110.26444348595373,48.43487935325868,Montana
-110.26444348595373,48.93487935325868,Montana
-109.76444348595373,31.434879353258676,Arizona
-109.76444348595373,31.934879353258676,Arizona
-109.76444348595373,32.43487935325868,Arizona
-109.76444348595373,32.93487935325868,Arizona
-109.76444348595373,33.43487935325868,Arizona
-109.76444348595373,33.93487935325868,Arizona
-109.76444348595373,34.43487935325868,Arizona
-109.76444348595373,34.93487935325868,Arizona
-109.76444348595373,35.43487935325868,Arizona
-109.76444348595373,35.93487935325868,Arizona
-109.76444348595373,36.43487935325868,Arizona
-109.76444348595373,36.93487935325868,Arizona
-109.76444348595373,37.43487935325868,Utah
-109.76444348595373,37.93487935325868,Utah
-109.76444348595373,38.43487935325868,Utah
-109.76444348595373,38.93487935325868,Utah
-109.76444348595373,39.43487935325868,Utah
-109.76444348595373,39.93487935325868,Utah
-109.76444348595373,40.43487935325868,Utah
-109.76444348595373,40.93487935325868,Utah
-109.76444348595373,41.43487935325868,Wyoming
-109.76444348595373,41.93487935325868,Wyoming
-109.76444348595373,42.43487935325868,Wyoming
-109.76444348595373,42.93487935325868,Wyoming
-109.76444348595373,43.43487935325868,Wyoming
-109.76444348595373,43.93487935325868,Wyoming
-109.76444348595373,44.43487935325868,Wyoming
-109.76444348595373,44.93487935325868,Wyoming
-109.76444348595373,45.43487935325868,Montana
-109.76444348595373,45.93487935325868,Montana
-109.76444348595373,46.43487935325868,Montana
-109.76444348595373,46.93487935325868,Montana
-109.76444348595373,47.43487935325868,Montana
-109.76444348595373,47.93487935325868,Montana
-109.76444348595373,48.43487935325868,Montana
-109.76444348595373,48.93487935325868,Montana
-109.26444348595373,31.434879353258676,Arizona
-109.26444348595373,31.934879353258676,Arizona
-109.26444348595373,32.43487935325868,Arizona
-109.26444348595373,32.93487935325868,Arizona
-109.26444348595373,33.43487935325868,Arizona
-109.26444348595373,33.93487935325868,Arizona
-109.26444348595373,34.43487935325868,Arizona
-109.26444348595373,34.93487935325868,Arizona
-109.26444348595373,35.43487935325868,Arizona
-109.26444348595373,35.93487935325868,Arizona
-109.26444348595373,36.43487935325868,Arizona
-109.26444348595373,36.93487935325868,Arizona
-109.26444348595373,37.43487935325868,Utah
-109.26444348595373,37.93487935325868,Utah
-109.26444348595373,38.43487935325868,Utah
-109.26444348595373,38.93487935325868,Utah
-109.26444348595373,39.43487935325868,Utah
-109.26444348595373,39.93487935325868,Utah
-109.26444348595373,40.43487935325868,Utah
-109.26444348595373,40.93487935325868,Utah
-109.26444348595373,41.43487935325868,Wyoming
-109.26444348595373,41.93487935325868,Wyoming
-109.26444348595373,42.43487935325868,Wyoming
-109.26444348595373,42.93487935325868,Wyoming
-109.26444348595373,43.43487935325868,Wyoming
-109.26444348595373,43.93487935325868,Wyoming
-109.26444348595373,44.43487935325868,Wyoming
-109.26444348595373,44.93487935325868,Wyoming
-109.26444348595373,45.43487935325868,Montana
-109.26444348595373,45.93487935325868,Montana
-109.26444348595373,46.43487935325868,Montana
-109.26444348595373,46.93487935325868,Montana
-109.26444348595373,47.43487935325868,Montana
-109.26444348595373,47.93487935325868,Montana
-109.26444348595373,48.43487935325868,Montana
-109.26444348595373,48.93487935325868,Montana
-108.76444348595373,31.434879353258676,New Mexico
-108.76444348595373,31.934879353258676,New Mexico
-108.76444348595373,32.43487935325868,New Mexico
-108.76444348595373,32.93487935325868,New Mexico
-108.76444348595373,33.43487935325868,New Mexico
-108.76444348595373,33.93487935325868,New Mexico
-108.76444348595373,34.43487935325868,New Mexico
-108.76444348595373,34.93487935325868,New Mexico
-108.76444348595373,35.43487935325868,New Mexico
-108.76444348595373,35.93487935325868,New Mexico
-108.76444348595373,36.43487935325868,New Mexico
-108.76444348595373,36.93487935325868,New Mexico
-108.76444348595373,37.43487935325868,Colorado
-108.76444348595373,37.93487935325868,Colorado
-108.76444348595373,38.43487935325868,Colorado
-108.76444348595373,38.93487935325868,Colorado
-108.76444348595373,39.43487935325868,Colorado
-108.76444348595373,39.93487935325868,Colorado
-108.76444348595373,40.43487935325868,Colorado
-108.76444348595373,40.93487935325868,Colorado
-108.76444348595373,41.43487935325868,Wyoming
-108.76444348595373,41.93487935325868,Wyoming
-108.76444348595373,42.43487935325868,Wyoming
-108.76444348595373,42.93487935325868,Wyoming
-108.76444348595373,43.43487935325868,Wyoming
-108.76444348595373,43.93487935325868,Wyoming
-108.76444348595373,44.43487935325868,Wyoming
-108.76444348595373,44.93487935325868,Wyoming
-108.76444348595373,45.43487935325868,Montana
-108.76444348595373,45.93487935325868,Montana
-108.76444348595373,46.43487935325868,Montana
-108.76444348595373,46.93487935325868,Montana
-108.76444348595373,47.43487935325868,Montana
-108.76444348595373,47.93487935325868,Montana
-108.76444348595373,48.43487935325868,Montana
-108.76444348595373,48.93487935325868,Montana
-108.26444348595373,31.434879353258676,New Mexico
-108.26444348595373,31.934879353258676,New Mexico
-108.26444348595373,32.43487935325868,New Mexico
-108.26444348595373,32.93487935325868,New Mexico
-108.26444348595373,33.43487935325868,New Mexico
-108.26444348595373,33.93487935325868,New Mexico
-108.26444348595373,34.43487935325868,New Mexico
-108.26444348595373,34.93487935325868,New Mexico
-108.26444348595373,35.43487935325868,New Mexico
-108.26444348595373,35.93487935325868,New Mexico
-108.26444348595373,36.43487935325868,New Mexico
-108.26444348595373,36.93487935325868,New Mexico
-108.26444348595373,37.43487935325868,Colorado
-108.26444348595373,37.93487935325868,Colorado
-108.26444348595373,38.43487935325868,Colorado
-108.26444348595373,38.93487935325868,Colorado
-108.26444348595373,39.43487935325868,Colorado
-108.26444348595373,39.93487935325868,Colorado
-108.26444348595373,40.43487935325868,Colorado
-108.26444348595373,40.93487935325868,Colorado
-108.26444348595373,41.43487935325868,Wyoming
-108.26444348595373,41.93487935325868,Wyoming
-108.26444348595373,42.43487935325868,Wyoming
-108.26444348595373,42.93487935325868,Wyoming
-108.26444348595373,43.43487935325868,Wyoming
-108.26444348595373,43.93487935325868,Wyoming
-108.26444348595373,44.43487935325868,Wyoming
-108.26444348595373,44.93487935325868,Wyoming
-108.26444348595373,45.43487935325868,Montana
-108.26444348595373,45.93487935325868,Montana
-108.26444348595373,46.43487935325868,Montana
-108.26444348595373,46.93487935325868,Montana
-108.26444348595373,47.43487935325868,Montana
-108.26444348595373,47.93487935325868,Montana
-108.26444348595373,48.43487935325868,Montana
-108.26444348595373,48.93487935325868,Montana
-107.76444348595373,31.934879353258676,New Mexico
-107.76444348595373,32.43487935325868,New Mexico
-107.76444348595373,32.93487935325868,New Mexico
-107.76444348595373,33.43487935325868,New Mexico
-107.76444348595373,33.93487935325868,New Mexico
-107.76444348595373,34.43487935325868,New Mexico
-107.76444348595373,34.93487935325868,New Mexico
-107.76444348595373,35.43487935325868,New Mexico
-107.76444348595373,35.93487935325868,New Mexico
-107.76444348595373,36.43487935325868,New Mexico
-107.76444348595373,36.93487935325868,New Mexico
-107.76444348595373,37.43487935325868,Colorado
-107.76444348595373,37.93487935325868,Colorado
-107.76444348595373,38.43487935325868,Colorado
-107.76444348595373,38.93487935325868,Colorado
-107.76444348595373,39.43487935325868,Colorado
-107.76444348595373,39.93487935325868,Colorado
-107.76444348595373,40.43487935325868,Colorado
-107.76444348595373,40.93487935325868,Colorado
-107.76444348595373,41.43487935325868,Wyoming
-107.76444348595373,41.93487935325868,Wyoming
-107.76444348595373,42.43487935325868,Wyoming
-107.76444348595373,42.93487935325868,Wyoming
-107.76444348595373,43.43487935325868,Wyoming
-107.76444348595373,43.93487935325868,Wyoming
-107.76444348595373,44.43487935325868,Wyoming
-107.76444348595373,44.93487935325868,Wyoming
-107.76444348595373,45.43487935325868,Montana
-107.76444348595373,45.93487935325868,Montana
-107.76444348595373,46.43487935325868,Montana
-107.76444348595373,46.93487935325868,Montana
-107.76444348595373,47.43487935325868,Montana
-107.76444348595373,47.93487935325868,Montana
-107.76444348595373,48.43487935325868,Montana
-107.76444348595373,48.93487935325868,Montana
-107.26444348595373,31.934879353258676,New Mexico
-107.26444348595373,32.43487935325868,New Mexico
-107.26444348595373,32.93487935325868,New Mexico
-107.26444348595373,33.43487935325868,New Mexico
-107.26444348595373,33.93487935325868,New Mexico
-107.26444348595373,34.43487935325868,New Mexico
-107.26444348595373,34.93487935325868,New Mexico
-107.26444348595373,35.43487935325868,New Mexico
-107.26444348595373,35.93487935325868,New Mexico
-107.26444348595373,36.43487935325868,New Mexico
-107.26444348595373,36.93487935325868,New Mexico
-107.26444348595373,37.43487935325868,Colorado
-107.26444348595373,37.93487935325868,Colorado
-107.26444348595373,38.43487935325868,Colorado
-107.26444348595373,38.93487935325868,Colorado
-107.26444348595373,39.43487935325868,Colorado
-107.26444348595373,39.93487935325868,Colorado
-107.26444348595373,40.43487935325868,Colorado
-107.26444348595373,40.93487935325868,Colorado
-107.26444348595373,41.43487935325868,Wyoming
-107.26444348595373,41.93487935325868,Wyoming
-107.26444348595373,42.43487935325868,Wyoming
-107.26444348595373,42.93487935325868,Wyoming
-107.26444348595373,43.43487935325868,Wyoming
-107.26444348595373,43.93487935325868,Wyoming
-107.26444348595373,44.43487935325868,Wyoming
-107.26444348595373,44.93487935325868,Wyoming
-107.26444348595373,45.43487935325868,Montana
-107.26444348595373,45.93487935325868,Montana
-107.26444348595373,46.43487935325868,Montana
-107.26444348595373,46.93487935325868,Montana
-107.26444348595373,47.43487935325868,Montana
-107.26444348595373,47.93487935325868,Montana
-107.26444348595373,48.43487935325868,Montana
-107.26444348595373,48.93487935325868,Montana
-106.76444348595373,31.934879353258676,New Mexico
-106.76444348595373,32.43487935325868,New Mexico
-106.76444348595373,32.93487935325868,New Mexico
-106.76444348595373,33.43487935325868,New Mexico
-106.76444348595373,33.93487935325868,New Mexico
-106.76444348595373,34.43487935325868,New Mexico
-106.76444348595373,34.93487935325868,New Mexico
-106.76444348595373,35.43487935325868,New Mexico
-106.76444348595373,35.93487935325868,New Mexico
-106.76444348595373,36.43487935325868,New Mexico
-106.76444348595373,36.93487935325868,New Mexico
-106.76444348595373,37.43487935325868,Colorado
-106.76444348595373,37.93487935325868,Colorado
-106.76444348595373,38.43487935325868,Colorado
-106.76444348595373,38.93487935325868,Colorado
-106.76444348595373,39.43487935325868,Colorado
-106.76444348595373,39.93487935325868,Colorado
-106.76444348595373,40.43487935325868,Colorado
-106.76444348595373,40.93487935325868,Colorado
-106.76444348595373,41.43487935325868,Wyoming
-106.76444348595373,41.93487935325868,Wyoming
-106.76444348595373,42.43487935325868,Wyoming
-106.76444348595373,42.93487935325868,Wyoming
-106.76444348595373,43.43487935325868,Wyoming
-106.76444348595373,43.93487935325868,Wyoming
-106.76444348595373,44.43487935325868,Wyoming
-106.76444348595373,44.93487935325868,Wyoming
-106.76444348595373,45.43487935325868,Montana
-106.76444348595373,45.93487935325868,Montana
-106.76444348595373,46.43487935325868,Montana
-106.76444348595373,46.93487935325868,Montana
-106.76444348595373,47.43487935325868,Montana
-106.76444348595373,47.93487935325868,Montana
-106.76444348595373,48.43487935325868,Montana
-106.76444348595373,48.93487935325868,Montana
-106.26444348595373,31.934879353258676,Texas
-106.26444348595373,32.43487935325868,New Mexico
-106.26444348595373,32.93487935325868,New Mexico
-106.26444348595373,33.43487935325868,New Mexico
-106.26444348595373,33.93487935325868,New Mexico
-106.26444348595373,34.43487935325868,New Mexico
-106.26444348595373,34.93487935325868,New Mexico
-106.26444348595373,35.43487935325868,New Mexico
-106.26444348595373,35.93487935325868,New Mexico
-106.26444348595373,36.43487935325868,New Mexico
-106.26444348595373,36.93487935325868,New Mexico
-106.26444348595373,37.43487935325868,Colorado
-106.26444348595373,37.93487935325868,Colorado
-106.26444348595373,38.43487935325868,Colorado
-106.26444348595373,38.93487935325868,Colorado
-106.26444348595373,39.43487935325868,Colorado
-106.26444348595373,39.93487935325868,Colorado
-106.26444348595373,40.43487935325868,Colorado
-106.26444348595373,40.93487935325868,Colorado
-106.26444348595373,41.43487935325868,Wyoming
-106.26444348595373,41.93487935325868,Wyoming
-106.26444348595373,42.43487935325868,Wyoming
-106.26444348595373,42.93487935325868,Wyoming
-106.26444348595373,43.43487935325868,Wyoming
-106.26444348595373,43.93487935325868,Wyoming
-106.26444348595373,44.43487935325868,Wyoming
-106.26444348595373,44.93487935325868,Wyoming
-106.26444348595373,45.43487935325868,Montana
-106.26444348595373,45.93487935325868,Montana
-106.26444348595373,46.43487935325868,Montana
-106.26444348595373,46.93487935325868,Montana
-106.26444348595373,47.43487935325868,Montana
-106.26444348595373,47.93487935325868,Montana
-106.26444348595373,48.43487935325868,Montana
-106.26444348595373,48.93487935325868,Montana
-105.76444348595373,31.434879353258676,Texas
-105.76444348595373,31.934879353258676,Texas
-105.76444348595373,32.43487935325868,New Mexico
-105.76444348595373,32.93487935325868,New Mexico
-105.76444348595373,33.43487935325868,New Mexico
-105.76444348595373,33.93487935325868,New Mexico
-105.76444348595373,34.43487935325868,New Mexico
-105.76444348595373,34.93487935325868,New Mexico
-105.76444348595373,35.43487935325868,New Mexico
-105.76444348595373,35.93487935325868,New Mexico
-105.76444348595373,36.43487935325868,New Mexico
-105.76444348595373,36.93487935325868,New Mexico
-105.76444348595373,37.43487935325868,Colorado
-105.76444348595373,37.93487935325868,Colorado
-105.76444348595373,38.43487935325868,Colorado
-105.76444348595373,38.93487935325868,Colorado
-105.76444348595373,39.43487935325868,Colorado
-105.76444348595373,39.93487935325868,Colorado
-105.76444348595373,40.43487935325868,Colorado
-105.76444348595373,40.93487935325868,Colorado
-105.76444348595373,41.43487935325868,Wyoming
-105.76444348595373,41.93487935325868,Wyoming
-105.76444348595373,42.43487935325868,Wyoming
-105.76444348595373,42.93487935325868,Wyoming
-105.76444348595373,43.43487935325868,Wyoming
-105.76444348595373,43.93487935325868,Wyoming
-105.76444348595373,44.43487935325868,Wyoming
-105.76444348595373,44.93487935325868,Wyoming
-105.76444348595373,45.43487935325868,Montana
-105.76444348595373,45.93487935325868,Montana
-105.76444348595373,46.43487935325868,Montana
-105.76444348595373,46.93487935325868,Montana
-105.76444348595373,47.43487935325868,Montana
-105.76444348595373,47.93487935325868,Montana
-105.76444348595373,48.43487935325868,Montana
-105.76444348595373,48.93487935325868,Montana
-105.26444348595373,30.934879353258676,Texas
-105.26444348595373,31.434879353258676,Texas
-105.26444348595373,31.934879353258676,Texas
-105.26444348595373,32.43487935325868,New Mexico
-105.26444348595373,32.93487935325868,New Mexico
-105.26444348595373,33.43487935325868,New Mexico
-105.26444348595373,33.93487935325868,New Mexico
-105.26444348595373,34.43487935325868,New Mexico
-105.26444348595373,34.93487935325868,New Mexico
-105.26444348595373,35.43487935325868,New Mexico
-105.26444348595373,35.93487935325868,New Mexico
-105.26444348595373,36.43487935325868,New Mexico
-105.26444348595373,36.93487935325868,New Mexico
-105.26444348595373,37.43487935325868,Colorado
-105.26444348595373,37.93487935325868,Colorado
-105.26444348595373,38.43487935325868,Colorado
-105.26444348595373,38.93487935325868,Colorado
-105.26444348595373,39.43487935325868,Colorado
-105.26444348595373,39.93487935325868,Colorado
-105.26444348595373,40.43487935325868,Colorado
-105.26444348595373,40.93487935325868,Colorado
-105.26444348595373,41.43487935325868,Wyoming
-105.26444348595373,41.93487935325868,Wyoming
-105.26444348595373,42.43487935325868,Wyoming
-105.26444348595373,42.93487935325868,Wyoming
-105.26444348595373,43.43487935325868,Wyoming
-105.26444348595373,43.93487935325868,Wyoming
-105.26444348595373,44.43487935325868,Wyoming
-105.26444348595373,44.93487935325868,Wyoming
-105.26444348595373,45.43487935325868,Montana
-105.26444348595373,45.93487935325868,Montana
-105.26444348595373,46.43487935325868,Montana
-105.26444348595373,46.93487935325868,Montana
-105.26444348595373,47.43487935325868,Montana
-105.26444348595373,47.93487935325868,Montana
-105.26444348595373,48.43487935325868,Montana
-105.26444348595373,48.93487935325868,Montana
-104.76444348595373,30.434879353258676,Texas
-104.76444348595373,30.934879353258676,Texas
-104.76444348595373,31.434879353258676,Texas
-104.76444348595373,31.934879353258676,Texas
-104.76444348595373,32.43487935325868,New Mexico
-104.76444348595373,32.93487935325868,New Mexico
-104.76444348595373,33.43487935325868,New Mexico
-104.76444348595373,33.93487935325868,New Mexico
-104.76444348595373,34.43487935325868,New Mexico
-104.76444348595373,34.93487935325868,New Mexico
-104.76444348595373,35.43487935325868,New Mexico
-104.76444348595373,35.93487935325868,New Mexico
-104.76444348595373,36.43487935325868,New Mexico
-104.76444348595373,36.93487935325868,New Mexico
-104.76444348595373,37.43487935325868,Colorado
-104.76444348595373,37.93487935325868,Colorado
-104.76444348595373,38.43487935325868,Colorado
-104.76444348595373,38.93487935325868,Colorado
-104.76444348595373,39.43487935325868,Colorado
-104.76444348595373,39.93487935325868,Colorado
-104.76444348595373,40.43487935325868,Colorado
-104.76444348595373,40.93487935325868,Colorado
-104.76444348595373,41.43487935325868,Wyoming
-104.76444348595373,41.93487935325868,Wyoming
-104.76444348595373,42.43487935325868,Wyoming
-104.76444348595373,42.93487935325868,Wyoming
-104.76444348595373,43.43487935325868,Wyoming
-104.76444348595373,43.93487935325868,Wyoming
-104.76444348595373,44.43487935325868,Wyoming
-104.76444348595373,44.93487935325868,Wyoming
-104.76444348595373,45.43487935325868,Montana
-104.76444348595373,45.93487935325868,Montana
-104.76444348595373,46.43487935325868,Montana
-104.76444348595373,46.93487935325868,Montana
-104.76444348595373,47.43487935325868,Montana
-104.76444348595373,47.93487935325868,Montana
-104.76444348595373,48.43487935325868,Montana
-104.76444348595373,48.93487935325868,Montana
-104.26444348595373,29.934879353258676,Texas
-104.26444348595373,30.434879353258676,Texas
-104.26444348595373,30.934879353258676,Texas
-104.26444348595373,31.434879353258676,Texas
-104.26444348595373,31.934879353258676,Texas
-104.26444348595373,32.43487935325868,New Mexico
-104.26444348595373,32.93487935325868,New Mexico
-104.26444348595373,33.43487935325868,New Mexico
-104.26444348595373,33.93487935325868,New Mexico
-104.26444348595373,34.43487935325868,New Mexico
-104.26444348595373,34.93487935325868,New Mexico
-104.26444348595373,35.43487935325868,New Mexico
-104.26444348595373,35.93487935325868,New Mexico
-104.26444348595373,36.43487935325868,New Mexico
-104.26444348595373,36.93487935325868,New Mexico
-104.26444348595373,37.43487935325868,Colorado
-104.26444348595373,37.93487935325868,Colorado
-104.26444348595373,38.43487935325868,Colorado
-104.26444348595373,38.93487935325868,Colorado
-104.26444348595373,39.43487935325868,Colorado
-104.26444348595373,39.93487935325868,Colorado
-104.26444348595373,40.43487935325868,Colorado
-104.26444348595373,40.93487935325868,Colorado
-104.26444348595373,41.43487935325868,Wyoming
-104.26444348595373,41.93487935325868,Wyoming
-104.26444348595373,42.43487935325868,Wyoming
-104.26444348595373,42.93487935325868,Wyoming
-104.26444348595373,43.43487935325868,Wyoming
-104.26444348595373,43.93487935325868,Wyoming
-104.26444348595373,44.43487935325868,Wyoming
-104.26444348595373,44.93487935325868,Wyoming
-104.26444348595373,45.43487935325868,Montana
-104.26444348595373,45.93487935325868,Montana
-104.26444348595373,46.43487935325868,Montana
-104.26444348595373,46.93487935325868,Montana
-104.26444348595373,47.43487935325868,Montana
-104.26444348595373,47.93487935325868,Montana
-104.26444348595373,48.43487935325868,Montana
-104.26444348595373,48.93487935325868,Montana
-103.76444348595373,29.434879353258676,Texas
-103.76444348595373,29.934879353258676,Texas
-103.76444348595373,30.434879353258676,Texas
-103.76444348595373,30.934879353258676,Texas
-103.76444348595373,31.434879353258676,Texas
-103.76444348595373,31.934879353258676,Texas
-103.76444348595373,32.43487935325868,New Mexico
-103.76444348595373,32.93487935325868,New Mexico
-103.76444348595373,33.43487935325868,New Mexico
-103.76444348595373,33.93487935325868,New Mexico
-103.76444348595373,34.43487935325868,New Mexico
-103.76444348595373,34.93487935325868,New Mexico
-103.76444348595373,35.43487935325868,New Mexico
-103.76444348595373,35.93487935325868,New Mexico
-103.76444348595373,36.43487935325868,New Mexico
-103.76444348595373,36.93487935325868,New Mexico
-103.76444348595373,37.43487935325868,Colorado
-103.76444348595373,37.93487935325868,Colorado
-103.76444348595373,38.43487935325868,Colorado
-103.76444348595373,38.93487935325868,Colorado
-103.76444348595373,39.43487935325868,Colorado
-103.76444348595373,39.93487935325868,Colorado
-103.76444348595373,40.43487935325868,Colorado
-103.76444348595373,40.93487935325868,Colorado
-103.76444348595373,41.43487935325868,Nebraska
-103.76444348595373,41.93487935325868,Nebraska
-103.76444348595373,42.43487935325868,Nebraska
-103.76444348595373,42.93487935325868,Nebraska
-103.76444348595373,43.43487935325868,South Dakota
-103.76444348595373,43.93487935325868,South Dakota
-103.76444348595373,44.43487935325868,South Dakota
-103.76444348595373,44.93487935325868,South Dakota
-103.76444348595373,45.43487935325868,South Dakota
-103.76444348595373,45.93487935325868,South Dakota
-103.76444348595373,46.43487935325868,North Dakota
-103.76444348595373,46.93487935325868,North Dakota
-103.76444348595373,47.43487935325868,North Dakota
-103.76444348595373,47.93487935325868,North Dakota
-103.76444348595373,48.43487935325868,North Dakota
-103.76444348595373,48.93487935325868,North Dakota
-103.26444348595373,29.434879353258676,Texas
-103.26444348595373,29.934879353258676,Texas
-103.26444348595373,30.434879353258676,Texas
-103.26444348595373,30.934879353258676,Texas
-103.26444348595373,31.434879353258676,Texas
-103.26444348595373,31.934879353258676,Texas
-103.26444348595373,32.43487935325868,New Mexico
-103.26444348595373,32.93487935325868,New Mexico
-103.26444348595373,33.43487935325868,New Mexico
-103.26444348595373,33.93487935325868,New Mexico
-103.26444348595373,34.43487935325868,New Mexico
-103.26444348595373,34.93487935325868,New Mexico
-103.26444348595373,35.43487935325868,New Mexico
-103.26444348595373,35.93487935325868,New Mexico
-103.26444348595373,36.43487935325868,New Mexico
-103.26444348595373,36.93487935325868,New Mexico
-103.26444348595373,37.43487935325868,Colorado
-103.26444348595373,37.93487935325868,Colorado
-103.26444348595373,38.43487935325868,Colorado
-103.26444348595373,38.93487935325868,Colorado
-103.26444348595373,39.43487935325868,Colorado
-103.26444348595373,39.93487935325868,Colorado
-103.26444348595373,40.43487935325868,Colorado
-103.26444348595373,40.93487935325868,Colorado
-103.26444348595373,41.43487935325868,Nebraska
-103.26444348595373,41.93487935325868,Nebraska
-103.26444348595373,42.43487935325868,Nebraska
-103.26444348595373,42.93487935325868,Nebraska
-103.26444348595373,43.43487935325868,South Dakota
-103.26444348595373,43.93487935325868,South Dakota
-103.26444348595373,44.43487935325868,South Dakota
-103.26444348595373,44.93487935325868,South Dakota
-103.26444348595373,45.43487935325868,South Dakota
-103.26444348595373,45.93487935325868,South Dakota
-103.26444348595373,46.43487935325868,North Dakota
-103.26444348595373,46.93487935325868,North Dakota
-103.26444348595373,47.43487935325868,North Dakota
-103.26444348595373,47.93487935325868,North Dakota
-103.26444348595373,48.43487935325868,North Dakota
-103.26444348595373,48.93487935325868,North Dakota
-102.76444348595373,29.934879353258676,Texas
-102.76444348595373,30.434879353258676,Texas
-102.76444348595373,30.934879353258676,Texas
-102.76444348595373,31.434879353258676,Texas
-102.76444348595373,31.934879353258676,Texas
-102.76444348595373,32.43487935325868,Texas
-102.76444348595373,32.93487935325868,Texas
-102.76444348595373,33.43487935325868,Texas
-102.76444348595373,33.93487935325868,Texas
-102.76444348595373,34.43487935325868,Texas
-102.76444348595373,34.93487935325868,Texas
-102.76444348595373,35.43487935325868,Texas
-102.76444348595373,35.93487935325868,Texas
-102.76444348595373,36.43487935325868,Texas
-102.76444348595373,36.93487935325868,Oklahoma
-102.76444348595373,37.43487935325868,Colorado
-102.76444348595373,37.93487935325868,Colorado
-102.76444348595373,38.43487935325868,Colorado
-102.76444348595373,38.93487935325868,Colorado
-102.76444348595373,39.43487935325868,Colorado
-102.76444348595373,39.93487935325868,Colorado
-102.76444348595373,40.43487935325868,Colorado
-102.76444348595373,40.93487935325868,Colorado
-102.76444348595373,41.43487935325868,Nebraska
-102.76444348595373,41.93487935325868,Nebraska
-102.76444348595373,42.43487935325868,Nebraska
-102.76444348595373,42.93487935325868,Nebraska
-102.76444348595373,43.43487935325868,South Dakota
-102.76444348595373,43.93487935325868,South Dakota
-102.76444348595373,44.43487935325868,South Dakota
-102.76444348595373,44.93487935325868,South Dakota
-102.76444348595373,45.43487935325868,South Dakota
-102.76444348595373,45.93487935325868,South Dakota
-102.76444348595373,46.43487935325868,North Dakota
-102.76444348595373,46.93487935325868,North Dakota
-102.76444348595373,47.43487935325868,North Dakota
-102.76444348595373,47.93487935325868,North Dakota
-102.76444348595373,48.43487935325868,North Dakota
-102.76444348595373,48.93487935325868,North Dakota
-102.26444348595373,29.934879353258676,Texas
-102.26444348595373,30.434879353258676,Texas
-102.26444348595373,30.934879353258676,Texas
-102.26444348595373,31.434879353258676,Texas
-102.26444348595373,31.934879353258676,Texas
-102.26444348595373,32.43487935325868,Texas
-102.26444348595373,32.93487935325868,Texas
-102.26444348595373,33.43487935325868,Texas
-102.26444348595373,33.93487935325868,Texas
-102.26444348595373,34.43487935325868,Texas
-102.26444348595373,34.93487935325868,Texas
-102.26444348595373,35.43487935325868,Texas
-102.26444348595373,35.93487935325868,Texas
-102.26444348595373,36.43487935325868,Texas
-102.26444348595373,36.93487935325868,Oklahoma
-102.26444348595373,37.43487935325868,Colorado
-102.26444348595373,37.93487935325868,Colorado
-102.26444348595373,38.43487935325868,Colorado
-102.26444348595373,38.93487935325868,Colorado
-102.26444348595373,39.43487935325868,Colorado
-102.26444348595373,39.93487935325868,Colorado
-102.26444348595373,40.43487935325868,Colorado
-102.26444348595373,40.93487935325868,Colorado
-102.26444348595373,41.43487935325868,Nebraska
-102.26444348595373,41.93487935325868,Nebraska
-102.26444348595373,42.43487935325868,Nebraska
-102.26444348595373,42.93487935325868,Nebraska
-102.26444348595373,43.43487935325868,South Dakota
-102.26444348595373,43.93487935325868,South Dakota
-102.26444348595373,44.43487935325868,South Dakota
-102.26444348595373,44.93487935325868,South Dakota
-102.26444348595373,45.43487935325868,South Dakota
-102.26444348595373,45.93487935325868,South Dakota
-102.26444348595373,46.43487935325868,North Dakota
-102.26444348595373,46.93487935325868,North Dakota
-102.26444348595373,47.43487935325868,North Dakota
-102.26444348595373,47.93487935325868,North Dakota
-102.26444348595373,48.43487935325868,North Dakota
-102.26444348595373,48.93487935325868,North Dakota
-101.76444348595373,29.934879353258676,Texas
-101.76444348595373,30.434879353258676,Texas
-101.76444348595373,30.934879353258676,Texas
-101.76444348595373,31.434879353258676,Texas
-101.76444348595373,31.934879353258676,Texas
-101.76444348595373,32.43487935325868,Texas
-101.76444348595373,32.93487935325868,Texas
-101.76444348595373,33.43487935325868,Texas
-101.76444348595373,33.93487935325868,Texas
-101.76444348595373,34.43487935325868,Texas
-101.76444348595373,34.93487935325868,Texas
-101.76444348595373,35.43487935325868,Texas
-101.76444348595373,35.93487935325868,Texas
-101.76444348595373,36.43487935325868,Texas
-101.76444348595373,36.93487935325868,Oklahoma
-101.76444348595373,37.43487935325868,Kansas
-101.76444348595373,37.93487935325868,Kansas
-101.76444348595373,38.43487935325868,Kansas
-101.76444348595373,38.93487935325868,Kansas
-101.76444348595373,39.43487935325868,Kansas
-101.76444348595373,39.93487935325868,Kansas
-101.76444348595373,40.43487935325868,Nebraska
-101.76444348595373,40.93487935325868,Nebraska
-101.76444348595373,41.43487935325868,Nebraska
-101.76444348595373,41.93487935325868,Nebraska
-101.76444348595373,42.43487935325868,Nebraska
-101.76444348595373,42.93487935325868,Nebraska
-101.76444348595373,43.43487935325868,South Dakota
-101.76444348595373,43.93487935325868,South Dakota
-101.76444348595373,44.43487935325868,South Dakota
-101.76444348595373,44.93487935325868,South Dakota
-101.76444348595373,45.43487935325868,South Dakota
-101.76444348595373,45.93487935325868,South Dakota
-101.76444348595373,46.43487935325868,North Dakota
-101.76444348595373,46.93487935325868,North Dakota
-101.76444348595373,47.43487935325868,North Dakota
-101.76444348595373,47.93487935325868,North Dakota
-101.76444348595373,48.43487935325868,North Dakota
-101.76444348595373,48.93487935325868,North Dakota
-101.26444348595373,29.934879353258676,Texas
-101.26444348595373,30.434879353258676,Texas
-101.26444348595373,30.934879353258676,Texas
-101.26444348595373,31.434879353258676,Texas
-101.26444348595373,31.934879353258676,Texas
-101.26444348595373,32.43487935325868,Texas
-101.26444348595373,32.93487935325868,Texas
-101.26444348595373,33.43487935325868,Texas
-101.26444348595373,33.93487935325868,Texas
-101.26444348595373,34.43487935325868,Texas
-101.26444348595373,34.93487935325868,Texas
-101.26444348595373,35.43487935325868,Texas
-101.26444348595373,35.93487935325868,Texas
-101.26444348595373,36.43487935325868,Texas
-101.26444348595373,36.93487935325868,Oklahoma
-101.26444348595373,37.43487935325868,Kansas
-101.26444348595373,37.93487935325868,Kansas
-101.26444348595373,38.43487935325868,Kansas
-101.26444348595373,38.93487935325868,Kansas
-101.26444348595373,39.43487935325868,Kansas
-101.26444348595373,39.93487935325868,Kansas
-101.26444348595373,40.43487935325868,Nebraska
-101.26444348595373,40.93487935325868,Nebraska
-101.26444348595373,41.43487935325868,Nebraska
-101.26444348595373,41.93487935325868,Nebraska
-101.26444348595373,42.43487935325868,Nebraska
-101.26444348595373,42.93487935325868,Nebraska
-101.26444348595373,43.43487935325868,South Dakota
-101.26444348595373,43.93487935325868,South Dakota
-101.26444348595373,44.43487935325868,South Dakota
-101.26444348595373,44.93487935325868,South Dakota
-101.26444348595373,45.43487935325868,South Dakota
-101.26444348595373,45.93487935325868,South Dakota
-101.26444348595373,46.43487935325868,North Dakota
-101.26444348595373,46.93487935325868,North Dakota
-101.26444348595373,47.43487935325868,North Dakota
-101.26444348595373,47.93487935325868,North Dakota
-101.26444348595373,48.43487935325868,North Dakota
-101.26444348595373,48.93487935325868,North Dakota
-100.76444348595373,29.434879353258676,Texas
-100.76444348595373,29.934879353258676,Texas
-100.76444348595373,30.434879353258676,Texas
-100.76444348595373,30.934879353258676,Texas
-100.76444348595373,31.434879353258676,Texas
-100.76444348595373,31.934879353258676,Texas
-100.76444348595373,32.43487935325868,Texas
-100.76444348595373,32.93487935325868,Texas
-100.76444348595373,33.43487935325868,Texas
-100.76444348595373,33.93487935325868,Texas
-100.76444348595373,34.43487935325868,Texas
-100.76444348595373,34.93487935325868,Texas
-100.76444348595373,35.43487935325868,Texas
-100.76444348595373,35.93487935325868,Texas
-100.76444348595373,36.43487935325868,Texas
-100.76444348595373,36.93487935325868,Oklahoma
-100.76444348595373,37.43487935325868,Kansas
-100.76444348595373,37.93487935325868,Kansas
-100.76444348595373,38.43487935325868,Kansas
-100.76444348595373,38.93487935325868,Kansas
-100.76444348595373,39.43487935325868,Kansas
-100.76444348595373,39.93487935325868,Kansas
-100.76444348595373,40.43487935325868,Nebraska
-100.76444348595373,40.93487935325868,Nebraska
-100.76444348595373,41.43487935325868,Nebraska
-100.76444348595373,41.93487935325868,Nebraska
-100.76444348595373,42.43487935325868,Nebraska
-100.76444348595373,42.93487935325868,Nebraska
-100.76444348595373,43.43487935325868,South Dakota
-100.76444348595373,43.93487935325868,South Dakota
-100.76444348595373,44.43487935325868,South Dakota
-100.76444348595373,44.93487935325868,South Dakota
-100.76444348595373,45.43487935325868,South Dakota
-100.76444348595373,45.93487935325868,South Dakota
-100.76444348595373,46.43487935325868,North Dakota
-100.76444348595373,46.93487935325868,North Dakota
-100.76444348595373,47.43487935325868,North Dakota
-100.76444348595373,47.93487935325868,North Dakota
-100.76444348595373,48.43487935325868,North Dakota
-100.76444348595373,48.93487935325868,North Dakota
-100.26444348595373,28.434879353258676,Texas
-100.26444348595373,28.934879353258676,Texas
-100.26444348595373,29.434879353258676,Texas
-100.26444348595373,29.934879353258676,Texas
-100.26444348595373,30.434879353258676,Texas
-100.26444348595373,30.934879353258676,Texas
-100.26444348595373,31.434879353258676,Texas
-100.26444348595373,31.934879353258676,Texas
-100.26444348595373,32.43487935325868,Texas
-100.26444348595373,32.93487935325868,Texas
-100.26444348595373,33.43487935325868,Texas
-100.26444348595373,33.93487935325868,Texas
-100.26444348595373,34.43487935325868,Texas
-100.26444348595373,34.93487935325868,Texas
-100.26444348595373,35.43487935325868,Texas
-100.26444348595373,35.93487935325868,Texas
-100.26444348595373,36.43487935325868,Texas
-100.26444348595373,36.93487935325868,Oklahoma
-100.26444348595373,37.43487935325868,Kansas
-100.26444348595373,37.93487935325868,Kansas
-100.26444348595373,38.43487935325868,Kansas
-100.26444348595373,38.93487935325868,Kansas
-100.26444348595373,39.43487935325868,Kansas
-100.26444348595373,39.93487935325868,Kansas
-100.26444348595373,40.43487935325868,Nebraska
-100.26444348595373,40.93487935325868,Nebraska
-100.26444348595373,41.43487935325868,Nebraska
-100.26444348595373,41.93487935325868,Nebraska
-100.26444348595373,42.43487935325868,Nebraska
-100.26444348595373,42.93487935325868,Nebraska
-100.26444348595373,43.43487935325868,South Dakota
-100.26444348595373,43.93487935325868,South Dakota
-100.26444348595373,44.43487935325868,South Dakota
-100.26444348595373,44.93487935325868,South Dakota
-100.26444348595373,45.43487935325868,South Dakota
-100.26444348595373,45.93487935325868,South Dakota
-100.26444348595373,46.43487935325868,North Dakota
-100.26444348595373,46.93487935325868,North Dakota
-100.26444348595373,47.43487935325868,North Dakota
-100.26444348595373,47.93487935325868,North Dakota
-100.26444348595373,48.43487935325868,North Dakota
-100.26444348595373,48.93487935325868,North Dakota
-99.76444348595373,27.934879353258676,Texas
-99.76444348595373,28.434879353258676,Texas
-99.76444348595373,28.934879353258676,Texas
-99.76444348595373,29.434879353258676,Texas
-99.76444348595373,29.934879353258676,Texas
-99.76444348595373,30.434879353258676,Texas
-99.76444348595373,30.934879353258676,Texas
-99.76444348595373,31.434879353258676,Texas
-99.76444348595373,31.934879353258676,Texas
-99.76444348595373,32.43487935325868,Texas
-99.76444348595373,32.93487935325868,Texas
-99.76444348595373,33.43487935325868,Texas
-99.76444348595373,33.93487935325868,Texas
-99.76444348595373,34.43487935325868,Oklahoma
-99.76444348595373,34.93487935325868,Oklahoma
-99.76444348595373,35.43487935325868,Oklahoma
-99.76444348595373,35.93487935325868,Oklahoma
-99.76444348595373,36.43487935325868,Oklahoma
-99.76444348595373,36.93487935325868,Oklahoma
-99.76444348595373,37.43487935325868,Kansas
-99.76444348595373,37.93487935325868,Kansas
-99.76444348595373,38.43487935325868,Kansas
-99.76444348595373,38.93487935325868,Kansas
-99.76444348595373,39.43487935325868,Kansas
-99.76444348595373,39.93487935325868,Kansas
-99.76444348595373,40.43487935325868,Nebraska
-99.76444348595373,40.93487935325868,Nebraska
-99.76444348595373,41.43487935325868,Nebraska
-99.76444348595373,41.93487935325868,Nebraska
-99.76444348595373,42.43487935325868,Nebraska
-99.76444348595373,42.93487935325868,Nebraska
-99.76444348595373,43.43487935325868,South Dakota
-99.76444348595373,43.93487935325868,South Dakota
-99.76444348595373,44.43487935325868,South Dakota
-99.76444348595373,44.93487935325868,South Dakota
-99.76444348595373,45.43487935325868,South Dakota
-99.76444348595373,45.93487935325868,South Dakota
-99.76444348595373,46.43487935325868,North Dakota
-99.76444348595373,46.93487935325868,North Dakota
-99.76444348595373,47.43487935325868,North Dakota
-99.76444348595373,47.93487935325868,North Dakota
-99.76444348595373,48.43487935325868,North Dakota
-99.76444348595373,48.93487935325868,North Dakota
-99.26444348595373,26.934879353258676,Texas
-99.26444348595373,27.434879353258676,Texas
-99.26444348595373,27.934879353258676,Texas
-99.26444348595373,28.434879353258676,Texas
-99.26444348595373,28.934879353258676,Texas
-99.26444348595373,29.434879353258676,Texas
-99.26444348595373,29.934879353258676,Texas
-99.26444348595373,30.434879353258676,Texas
-99.26444348595373,30.934879353258676,Texas
-99.26444348595373,31.434879353258676,Texas
-99.26444348595373,31.934879353258676,Texas
-99.26444348595373,32.43487935325868,Texas
-99.26444348595373,32.93487935325868,Texas
-99.26444348595373,33.43487935325868,Texas
-99.26444348595373,33.93487935325868,Texas
-99.26444348595373,34.43487935325868,Oklahoma
-99.26444348595373,34.93487935325868,Oklahoma
-99.26444348595373,35.43487935325868,Oklahoma
-99.26444348595373,35.93487935325868,Oklahoma
-99.26444348595373,36.43487935325868,Oklahoma
-99.26444348595373,36.93487935325868,Oklahoma
-99.26444348595373,37.43487935325868,Kansas
-99.26444348595373,37.93487935325868,Kansas
-99.26444348595373,38.43487935325868,Kansas
-99.26444348595373,38.93487935325868,Kansas
-99.26444348595373,39.43487935325868,Kansas
-99.26444348595373,39.93487935325868,Kansas
-99.26444348595373,40.43487935325868,Nebraska
-99.26444348595373,40.93487935325868,Nebraska
-99.26444348595373,41.43487935325868,Nebraska
-99.26444348595373,41.93487935325868,Nebraska
-99.26444348595373,42.43487935325868,Nebraska
-99.26444348595373,42.93487935325868,Nebraska
-99.26444348595373,43.43487935325868,South Dakota
-99.26444348595373,43.93487935325868,South Dakota
-99.26444348595373,44.43487935325868,South Dakota
-99.26444348595373,44.93487935325868,South Dakota
-99.26444348595373,45.43487935325868,South Dakota
-99.26444348595373,45.93487935325868,South Dakota
-99.26444348595373,46.43487935325868,North Dakota
-99.26444348595373,46.93487935325868,North Dakota
-99.26444348595373,47.43487935325868,North Dakota
-99.26444348595373,47.93487935325868,North Dakota
-99.26444348595373,48.43487935325868,North Dakota
-99.26444348595373,48.93487935325868,North Dakota
-98.76444348595373,26.434879353258676,Texas
-98.76444348595373,26.934879353258676,Texas
-98.76444348595373,27.434879353258676,Texas
-98.76444348595373,27.934879353258676,Texas
-98.76444348595373,28.434879353258676,Texas
-98.76444348595373,28.934879353258676,Texas
-98.76444348595373,29.434879353258676,Texas
-98.76444348595373,29.934879353258676,Texas
-98.76444348595373,30.434879353258676,Texas
-98.76444348595373,30.934879353258676,Texas
-98.76444348595373,31.434879353258676,Texas
-98.76444348595373,31.934879353258676,Texas
-98.76444348595373,32.43487935325868,Texas
-98.76444348595373,32.93487935325868,Texas
-98.76444348595373,33.43487935325868,Texas
-98.76444348595373,33.93487935325868,Texas
-98.76444348595373,34.43487935325868,Oklahoma
-98.76444348595373,34.93487935325868,Oklahoma
-98.76444348595373,35.43487935325868,Oklahoma
-98.76444348595373,35.93487935325868,Oklahoma
-98.76444348595373,36.43487935325868,Oklahoma
-98.76444348595373,36.93487935325868,Oklahoma
-98.76444348595373,37.43487935325868,Kansas
-98.76444348595373,37.93487935325868,Kansas
-98.76444348595373,38.43487935325868,Kansas
-98.76444348595373,38.93487935325868,Kansas
-98.76444348595373,39.43487935325868,Kansas
-98.76444348595373,39.93487935325868,Kansas
-98.76444348595373,40.43487935325868,Nebraska
-98.76444348595373,40.93487935325868,Nebraska
-98.76444348595373,41.43487935325868,Nebraska
-98.76444348595373,41.93487935325868,Nebraska
-98.76444348595373,42.43487935325868,Nebraska
-98.76444348595373,42.93487935325868,Nebraska
-98.76444348595373,43.43487935325868,South Dakota
-98.76444348595373,43.93487935325868,South Dakota
-98.76444348595373,44.43487935325868,South Dakota
-98.76444348595373,44.93487935325868,South Dakota
-98.76444348595373,45.43487935325868,South Dakota
-98.76444348595373,45.93487935325868,South Dakota
-98.76444348595373,46.43487935325868,North Dakota
-98.76444348595373,46.93487935325868,North Dakota
-98.76444348595373,47.43487935325868,North Dakota
-98.76444348595373,47.93487935325868,North Dakota
-98.76444348595373,48.43487935325868,North Dakota
-98.76444348595373,48.93487935325868,North Dakota
-98.26444348595373,26.434879353258676,Texas
-98.26444348595373,26.934879353258676,Texas
-98.26444348595373,27.434879353258676,Texas
-98.26444348595373,27.934879353258676,Texas
-98.26444348595373,28.434879353258676,Texas
-98.26444348595373,28.934879353258676,Texas
-98.26444348595373,29.434879353258676,Texas
-98.26444348595373,29.934879353258676,Texas
-98.26444348595373,30.434879353258676,Texas
-98.26444348595373,30.934879353258676,Texas
-98.26444348595373,31.434879353258676,Texas
-98.26444348595373,31.934879353258676,Texas
-98.26444348595373,32.43487935325868,Texas
-98.26444348595373,32.93487935325868,Texas
-98.26444348595373,33.43487935325868,Texas
-98.26444348595373,33.93487935325868,Texas
-98.26444348595373,34.43487935325868,Oklahoma
-98.26444348595373,34.93487935325868,Oklahoma
-98.26444348595373,35.43487935325868,Oklahoma
-98.26444348595373,35.93487935325868,Oklahoma
-98.26444348595373,36.43487935325868,Oklahoma
-98.26444348595373,36.93487935325868,Oklahoma
-98.26444348595373,37.43487935325868,Kansas
-98.26444348595373,37.93487935325868,Kansas
-98.26444348595373,38.43487935325868,Kansas
-98.26444348595373,38.93487935325868,Kansas
-98.26444348595373,39.43487935325868,Kansas
-98.26444348595373,39.93487935325868,Kansas
-98.26444348595373,40.43487935325868,Nebraska
-98.26444348595373,40.93487935325868,Nebraska
-98.26444348595373,41.43487935325868,Nebraska
-98.26444348595373,41.93487935325868,Nebraska
-98.26444348595373,42.43487935325868,Nebraska
-98.26444348595373,42.93487935325868,South Dakota
-98.26444348595373,43.43487935325868,South Dakota
-98.26444348595373,43.93487935325868,South Dakota
-98.26444348595373,44.43487935325868,South Dakota
-98.26444348595373,44.93487935325868,South Dakota
-98.26444348595373,45.43487935325868,South Dakota
-98.26444348595373,45.93487935325868,South Dakota
-98.26444348595373,46.43487935325868,North Dakota
-98.26444348595373,46.93487935325868,North Dakota
-98.26444348595373,47.43487935325868,North Dakota
-98.26444348595373,47.93487935325868,North Dakota
-98.26444348595373,48.43487935325868,North Dakota
-98.26444348595373,48.93487935325868,North Dakota
-97.76444348595373,26.434879353258676,Texas
-97.76444348595373,26.934879353258676,Texas
-97.76444348595373,27.434879353258676,Texas
-97.76444348595373,27.934879353258676,Texas
-97.76444348595373,28.434879353258676,Texas
-97.76444348595373,28.934879353258676,Texas
-97.76444348595373,29.434879353258676,Texas
-97.76444348595373,29.934879353258676,Texas
-97.76444348595373,30.434879353258676,Texas
-97.76444348595373,30.934879353258676,Texas
-97.76444348595373,31.434879353258676,Texas
-97.76444348595373,31.934879353258676,Texas
-97.76444348595373,32.43487935325868,Texas
-97.76444348595373,32.93487935325868,Texas
-97.76444348595373,33.43487935325868,Texas
-97.76444348595373,33.93487935325868,Oklahoma
-97.76444348595373,34.43487935325868,Oklahoma
-97.76444348595373,34.93487935325868,Oklahoma
-97.76444348595373,35.43487935325868,Oklahoma
-97.76444348595373,35.93487935325868,Oklahoma
-97.76444348595373,36.43487935325868,Oklahoma
-97.76444348595373,36.93487935325868,Oklahoma
-97.76444348595373,37.43487935325868,Kansas
-97.76444348595373,37.93487935325868,Kansas
-97.76444348595373,38.43487935325868,Kansas
-97.76444348595373,38.93487935325868,Kansas
-97.76444348595373,39.43487935325868,Kansas
-97.76444348595373,39.93487935325868,Kansas
-97.76444348595373,40.43487935325868,Nebraska
-97.76444348595373,40.93487935325868,Nebraska
-97.76444348595373,41.43487935325868,Nebraska
-97.76444348595373,41.93487935325868,Nebraska
-97.76444348595373,42.43487935325868,Nebraska
-97.76444348595373,42.93487935325868,South Dakota
-97.76444348595373,43.43487935325868,South Dakota
-97.76444348595373,43.93487935325868,South Dakota
-97.76444348595373,44.43487935325868,South Dakota
-97.76444348595373,44.93487935325868,South Dakota
-97.76444348595373,45.43487935325868,South Dakota
-97.76444348595373,45.93487935325868,South Dakota
-97.76444348595373,46.43487935325868,North Dakota
-97.76444348595373,46.93487935325868,North Dakota
-97.76444348595373,47.43487935325868,North Dakota
-97.76444348595373,47.93487935325868,North Dakota
-97.76444348595373,48.43487935325868,North Dakota
-97.76444348595373,48.93487935325868,North Dakota
-97.26444348595373,26.434879353258676,Texas
-97.26444348595373,27.934879353258676,Texas
-97.26444348595373,28.434879353258676,Texas
-97.26444348595373,28.934879353258676,Texas
-97.26444348595373,29.434879353258676,Texas
-97.26444348595373,29.934879353258676,Texas
-97.26444348595373,30.434879353258676,Texas
-97.26444348595373,30.934879353258676,Texas
-97.26444348595373,31.434879353258676,Texas
-97.26444348595373,31.934879353258676,Texas
-97.26444348595373,32.43487935325868,Texas
-97.26444348595373,32.93487935325868,Texas
-97.26444348595373,33.43487935325868,Texas
-97.26444348595373,33.93487935325868,Oklahoma
-97.26444348595373,34.43487935325868,Oklahoma
-97.26444348595373,34.93487935325868,Oklahoma
-97.26444348595373,35.43487935325868,Oklahoma
-97.26444348595373,35.93487935325868,Oklahoma
-97.26444348595373,36.43487935325868,Oklahoma
-97.26444348595373,36.93487935325868,Oklahoma
-97.26444348595373,37.43487935325868,Kansas
-97.26444348595373,37.93487935325868,Kansas
-97.26444348595373,38.43487935325868,Kansas
-97.26444348595373,38.93487935325868,Kansas
-97.26444348595373,39.43487935325868,Kansas
-97.26444348595373,39.93487935325868,Kansas
-97.26444348595373,40.43487935325868,Nebraska
-97.26444348595373,40.93487935325868,Nebraska
-97.26444348595373,41.43487935325868,Nebraska
-97.26444348595373,41.93487935325868,Nebraska
-97.26444348595373,42.43487935325868,Nebraska
-97.26444348595373,42.93487935325868,South Dakota
-97.26444348595373,43.43487935325868,South Dakota
-97.26444348595373,43.93487935325868,South Dakota
-97.26444348595373,44.43487935325868,South Dakota
-97.26444348595373,44.93487935325868,South Dakota
-97.26444348595373,45.43487935325868,South Dakota
-97.26444348595373,45.93487935325868,South Dakota
-97.26444348595373,46.43487935325868,North Dakota
-97.26444348595373,46.93487935325868,North Dakota
-97.26444348595373,47.43487935325868,North Dakota
-97.26444348595373,47.93487935325868,North Dakota
-97.26444348595373,48.43487935325868,North Dakota
-97.26444348595373,48.93487935325868,North Dakota
-96.76444348595373,28.934879353258676,Texas
-96.76444348595373,29.434879353258676,Texas
-96.76444348595373,29.934879353258676,Texas
-96.76444348595373,30.434879353258676,Texas
-96.76444348595373,30.934879353258676,Texas
-96.76444348595373,31.434879353258676,Texas
-96.76444348595373,31.934879353258676,Texas
-96.76444348595373,32.43487935325868,Texas
-96.76444348595373,32.93487935325868,Texas
-96.76444348595373,33.43487935325868,Texas
-96.76444348595373,33.93487935325868,Oklahoma
-96.76444348595373,34.43487935325868,Oklahoma
-96.76444348595373,34.93487935325868,Oklahoma
-96.76444348595373,35.43487935325868,Oklahoma
-96.76444348595373,35.93487935325868,Oklahoma
-96.76444348595373,36.43487935325868,Oklahoma
-96.76444348595373,36.93487935325868,Oklahoma
-96.76444348595373,37.43487935325868,Kansas
-96.76444348595373,37.93487935325868,Kansas
-96.76444348595373,38.43487935325868,Kansas
-96.76444348595373,38.93487935325868,Kansas
-96.76444348595373,39.43487935325868,Kansas
-96.76444348595373,39.93487935325868,Kansas
-96.76444348595373,40.43487935325868,Nebraska
-96.76444348595373,40.93487935325868,Nebraska
-96.76444348595373,41.43487935325868,Nebraska
-96.76444348595373,41.93487935325868,Nebraska
-96.76444348595373,42.43487935325868,Nebraska
-96.76444348595373,42.93487935325868,South Dakota
-96.76444348595373,43.43487935325868,South Dakota
-96.76444348595373,43.93487935325868,South Dakota
-96.76444348595373,44.43487935325868,South Dakota
-96.76444348595373,44.93487935325868,South Dakota
-96.76444348595373,45.43487935325868,South Dakota
-96.76444348595373,45.93487935325868,South Dakota
-96.76444348595373,46.43487935325868,North Dakota
-96.76444348595373,46.93487935325868,Minnesota
-96.76444348595373,47.43487935325868,Minnesota
-96.76444348595373,47.93487935325868,Minnesota
-96.76444348595373,48.43487935325868,Minnesota
-96.76444348595373,48.93487935325868,Minnesota
-96.26444348595373,28.934879353258676,Texas
-96.26444348595373,29.434879353258676,Texas
-96.26444348595373,29.934879353258676,Texas
-96.26444348595373,30.434879353258676,Texas
-96.26444348595373,30.934879353258676,Texas
-96.26444348595373,31.434879353258676,Texas
-96.26444348595373,31.934879353258676,Texas
-96.26444348595373,32.43487935325868,Texas
-96.26444348595373,32.93487935325868,Texas
-96.26444348595373,33.43487935325868,Texas
-96.26444348595373,33.93487935325868,Oklahoma
-96.26444348595373,34.43487935325868,Oklahoma
-96.26444348595373,34.93487935325868,Oklahoma
-96.26444348595373,35.43487935325868,Oklahoma
-96.26444348595373,35.93487935325868,Oklahoma
-96.26444348595373,36.43487935325868,Oklahoma
-96.26444348595373,36.93487935325868,Oklahoma
-96.26444348595373,37.43487935325868,Kansas
-96.26444348595373,37.93487935325868,Kansas
-96.26444348595373,38.43487935325868,Kansas
-96.26444348595373,38.93487935325868,Kansas
-96.26444348595373,39.43487935325868,Kansas
-96.26444348595373,39.93487935325868,Kansas
-96.26444348595373,40.43487935325868,Nebraska
-96.26444348595373,40.93487935325868,Nebraska
-96.26444348595373,41.43487935325868,Nebraska
-96.26444348595373,41.93487935325868,Nebraska
-96.26444348595373,42.43487935325868,Iowa
-96.26444348595373,42.93487935325868,Iowa
-96.26444348595373,43.43487935325868,Iowa
-96.26444348595373,43.93487935325868,Minnesota
-96.26444348595373,44.43487935325868,Minnesota
-96.26444348595373,44.93487935325868,Minnesota
-96.26444348595373,45.43487935325868,Minnesota
-96.26444348595373,45.93487935325868,Minnesota
-96.26444348595373,46.43487935325868,Minnesota
-96.26444348595373,46.93487935325868,Minnesota
-96.26444348595373,47.43487935325868,Minnesota
-96.26444348595373,47.93487935325868,Minnesota
-96.26444348595373,48.43487935325868,Minnesota
-96.26444348595373,48.93487935325868,Minnesota
-95.76444348595373,28.934879353258676,Texas
-95.76444348595373,29.434879353258676,Texas
-95.76444348595373,29.934879353258676,Texas
-95.76444348595373,30.434879353258676,Texas
-95.76444348595373,30.934879353258676,Texas
-95.76444348595373,31.434879353258676,Texas
-95.76444348595373,31.934879353258676,Texas
-95.76444348595373,32.43487935325868,Texas
-95.76444348595373,32.93487935325868,Texas
-95.76444348595373,33.43487935325868,Texas
-95.76444348595373,33.93487935325868,Oklahoma
-95.76444348595373,34.43487935325868,Oklahoma
-95.76444348595373,34.93487935325868,Oklahoma
-95.76444348595373,35.43487935325868,Oklahoma
-95.76444348595373,35.93487935325868,Oklahoma
-95.76444348595373,36.43487935325868,Oklahoma
-95.76444348595373,36.93487935325868,Oklahoma
-95.76444348595373,37.43487935325868,Kansas
-95.76444348595373,37.93487935325868,Kansas
-95.76444348595373,38.43487935325868,Kansas
-95.76444348595373,38.93487935325868,Kansas
-95.76444348595373,39.43487935325868,Kansas
-95.76444348595373,39.93487935325868,Kansas
-95.76444348595373,40.43487935325868,Nebraska
-95.76444348595373,40.93487935325868,Iowa
-95.76444348595373,41.43487935325868,Iowa
-95.76444348595373,41.93487935325868,Iowa
-95.76444348595373,42.43487935325868,Iowa
-95.76444348595373,42.93487935325868,Iowa
-95.76444348595373,43.43487935325868,Iowa
-95.76444348595373,43.93487935325868,Minnesota
-95.76444348595373,44.43487935325868,Minnesota
-95.76444348595373,44.93487935325868,Minnesota
-95.76444348595373,45.43487935325868,Minnesota
-95.76444348595373,45.93487935325868,Minnesota
-95.76444348595373,46.43487935325868,Minnesota
-95.76444348595373,46.93487935325868,Minnesota
-95.76444348595373,47.43487935325868,Minnesota
-95.76444348595373,47.93487935325868,Minnesota
-95.76444348595373,48.43487935325868,Minnesota
-95.76444348595373,48.93487935325868,Minnesota
-95.26444348595373,29.434879353258676,Texas
-95.26444348595373,29.934879353258676,Texas
-95.26444348595373,30.434879353258676,Texas
-95.26444348595373,30.934879353258676,Texas
-95.26444348595373,31.434879353258676,Texas
-95.26444348595373,31.934879353258676,Texas
-95.26444348595373,32.43487935325868,Texas
-95.26444348595373,32.93487935325868,Texas
-95.26444348595373,33.43487935325868,Texas
-95.26444348595373,33.93487935325868,Oklahoma
-95.26444348595373,34.43487935325868,Oklahoma
-95.26444348595373,34.93487935325868,Oklahoma
-95.26444348595373,35.43487935325868,Oklahoma
-95.26444348595373,35.93487935325868,Oklahoma
-95.26444348595373,36.43487935325868,Oklahoma
-95.26444348595373,36.93487935325868,Oklahoma
-95.26444348595373,37.43487935325868,Kansas
-95.26444348595373,37.93487935325868,Kansas
-95.26444348595373,38.43487935325868,Kansas
-95.26444348595373,38.93487935325868,Kansas
-95.26444348595373,39.43487935325868,Kansas
-95.26444348595373,39.93487935325868,Kansas
-95.26444348595373,40.43487935325868,Missouri
-95.26444348595373,40.93487935325868,Iowa
-95.26444348595373,41.43487935325868,Iowa
-95.26444348595373,41.93487935325868,Iowa
-95.26444348595373,42.43487935325868,Iowa
-95.26444348595373,42.93487935325868,Iowa
-95.26444348595373,43.43487935325868,Iowa
-95.26444348595373,43.93487935325868,Minnesota
-95.26444348595373,44.43487935325868,Minnesota
-95.26444348595373,44.93487935325868,Minnesota
-95.26444348595373,45.43487935325868,Minnesota
-95.26444348595373,45.93487935325868,Minnesota
-95.26444348595373,46.43487935325868,Minnesota
-95.26444348595373,46.93487935325868,Minnesota
-95.26444348595373,47.43487935325868,Minnesota
-95.26444348595373,47.93487935325868,Minnesota
-95.26444348595373,48.43487935325868,Minnesota
-95.26444348595373,48.93487935325868,Minnesota
-94.76444348595373,29.934879353258676,Texas
-94.76444348595373,30.434879353258676,Texas
-94.76444348595373,30.934879353258676,Texas
-94.76444348595373,31.434879353258676,Texas
-94.76444348595373,31.934879353258676,Texas
-94.76444348595373,32.43487935325868,Texas
-94.76444348595373,32.93487935325868,Texas
-94.76444348595373,33.43487935325868,Texas
-94.76444348595373,33.93487935325868,Oklahoma
-94.76444348595373,34.43487935325868,Oklahoma
-94.76444348595373,34.93487935325868,Oklahoma
-94.76444348595373,35.43487935325868,Oklahoma
-94.76444348595373,35.93487935325868,Oklahoma
-94.76444348595373,36.43487935325868,Oklahoma
-94.76444348595373,36.93487935325868,Oklahoma
-94.76444348595373,37.43487935325868,Kansas
-94.76444348595373,37.93487935325868,Kansas
-94.76444348595373,38.43487935325868,Kansas
-94.76444348595373,38.93487935325868,Kansas
-94.76444348595373,39.43487935325868,Missouri
-94.76444348595373,39.93487935325868,Missouri
-94.76444348595373,40.43487935325868,Missouri
-94.76444348595373,40.93487935325868,Iowa
-94.76444348595373,41.43487935325868,Iowa
-94.76444348595373,41.93487935325868,Iowa
-94.76444348595373,42.43487935325868,Iowa
-94.76444348595373,42.93487935325868,Iowa
-94.76444348595373,43.43487935325868,Iowa
-94.76444348595373,43.93487935325868,Minnesota
-94.76444348595373,44.43487935325868,Minnesota
-94.76444348595373,44.93487935325868,Minnesota
-94.76444348595373,45.43487935325868,Minnesota
-94.76444348595373,45.93487935325868,Minnesota
-94.76444348595373,46.43487935325868,Minnesota
-94.76444348595373,46.93487935325868,Minnesota
-94.76444348595373,47.43487935325868,Minnesota
-94.76444348595373,47.93487935325868,Minnesota
-94.76444348595373,48.43487935325868,Minnesota
-94.76444348595373,48.93487935325868,Minnesota
-94.26444348595373,29.934879353258676,Texas
-94.26444348595373,30.434879353258676,Texas
-94.26444348595373,30.934879353258676,Texas
-94.26444348595373,31.434879353258676,Texas
-94.26444348595373,31.934879353258676,Texas
-94.26444348595373,32.43487935325868,Texas
-94.26444348595373,32.93487935325868,Texas
-94.26444348595373,33.43487935325868,Texas
-94.26444348595373,33.93487935325868,Arkansas
-94.26444348595373,34.43487935325868,Arkansas
-94.26444348595373,34.93487935325868,Arkansas
-94.26444348595373,35.43487935325868,Arkansas
-94.26444348595373,35.93487935325868,Arkansas
-94.26444348595373,36.43487935325868,Arkansas
-94.26444348595373,36.93487935325868,Missouri
-94.26444348595373,37.43487935325868,Missouri
-94.26444348595373,37.93487935325868,Missouri
-94.26444348595373,38.43487935325868,Missouri
-94.26444348595373,38.93487935325868,Missouri
-94.26444348595373,39.43487935325868,Missouri
-94.26444348595373,39.93487935325868,Missouri
-94.26444348595373,40.43487935325868,Missouri
-94.26444348595373,40.93487935325868,Iowa
-94.26444348595373,41.43487935325868,Iowa
-94.26444348595373,41.93487935325868,Iowa
-94.26444348595373,42.43487935325868,Iowa
-94.26444348595373,42.93487935325868,Iowa
-94.26444348595373,43.43487935325868,Iowa
-94.26444348595373,43.93487935325868,Minnesota
-94.26444348595373,44.43487935325868,Minnesota
-94.26444348595373,44.93487935325868,Minnesota
-94.26444348595373,45.43487935325868,Minnesota
-94.26444348595373,45.93487935325868,Minnesota
-94.26444348595373,46.43487935325868,Minnesota
-94.26444348595373,46.93487935325868,Minnesota
-94.26444348595373,47.43487935325868,Minnesota
-94.26444348595373,47.93487935325868,Minnesota
-94.26444348595373,48.43487935325868,Minnesota
-93.76444348595373,29.934879353258676,Louisiana
-93.76444348595373,30.434879353258676,Texas
-93.76444348595373,30.934879353258676,Texas
-93.76444348595373,31.434879353258676,Texas
-93.76444348595373,31.934879353258676,Louisiana
-93.76444348595373,32.43487935325868,Louisiana
-93.76444348595373,32.93487935325868,Louisiana
-93.76444348595373,33.43487935325868,Arkansas
-93.76444348595373,33.93487935325868,Arkansas
-93.76444348595373,34.43487935325868,Arkansas
-93.76444348595373,34.93487935325868,Arkansas
-93.76444348595373,35.43487935325868,Arkansas
-93.76444348595373,35.93487935325868,Arkansas
-93.76444348595373,36.43487935325868,Arkansas
-93.76444348595373,36.93487935325868,Missouri
-93.76444348595373,37.43487935325868,Missouri
-93.76444348595373,37.93487935325868,Missouri
-93.76444348595373,38.43487935325868,Missouri
-93.76444348595373,38.93487935325868,Missouri
-93.76444348595373,39.43487935325868,Missouri
-93.76444348595373,39.93487935325868,Missouri
-93.76444348595373,40.43487935325868,Missouri
-93.76444348595373,40.93487935325868,Iowa
-93.76444348595373,41.43487935325868,Iowa
-93.76444348595373,41.93487935325868,Iowa
-93.76444348595373,42.43487935325868,Iowa
-93.76444348595373,42.93487935325868,Iowa
-93.76444348595373,43.43487935325868,Iowa
-93.76444348595373,43.93487935325868,Minnesota
-93.76444348595373,44.43487935325868,Minnesota
-93.76444348595373,44.93487935325868,Minnesota
-93.76444348595373,45.43487935325868,Minnesota
-93.76444348595373,45.93487935325868,Minnesota
-93.76444348595373,46.43487935325868,Minnesota
-93.76444348595373,46.93487935325868,Minnesota
-93.76444348595373,47.43487935325868,Minnesota
-93.76444348595373,47.93487935325868,Minnesota
-93.76444348595373,48.43487935325868,Minnesota
-93.26444348595373,30.434879353258676,Louisiana
-93.26444348595373,30.934879353258676,Louisiana
-93.26444348595373,31.434879353258676,Louisiana
-93.26444348595373,31.934879353258676,Louisiana
-93.26444348595373,32.43487935325868,Louisiana
-93.26444348595373,32.93487935325868,Louisiana
-93.26444348595373,33.43487935325868,Arkansas
-93.26444348595373,33.93487935325868,Arkansas
-93.26444348595373,34.43487935325868,Arkansas
-93.26444348595373,34.93487935325868,Arkansas
-93.26444348595373,35.43487935325868,Arkansas
-93.26444348595373,35.93487935325868,Arkansas
-93.26444348595373,36.43487935325868,Arkansas
-93.26444348595373,36.93487935325868,Missouri
-93.26444348595373,37.43487935325868,Missouri
-93.26444348595373,37.93487935325868,Missouri
-93.26444348595373,38.43487935325868,Missouri
-93.26444348595373,38.93487935325868,Missouri
-93.26444348595373,39.43487935325868,Missouri
-93.26444348595373,39.93487935325868,Missouri
-93.26444348595373,40.43487935325868,Missouri
-93.26444348595373,40.93487935325868,Iowa
-93.26444348595373,41.43487935325868,Iowa
-93.26444348595373,41.93487935325868,Iowa
-93.26444348595373,42.43487935325868,Iowa
-93.26444348595373,42.93487935325868,Iowa
-93.26444348595373,43.43487935325868,Iowa
-93.26444348595373,43.93487935325868,Minnesota
-93.26444348595373,44.43487935325868,Minnesota
-93.26444348595373,44.93487935325868,Minnesota
-93.26444348595373,45.43487935325868,Minnesota
-93.26444348595373,45.93487935325868,Minnesota
-93.26444348595373,46.43487935325868,Minnesota
-93.26444348595373,46.93487935325868,Minnesota
-93.26444348595373,47.43487935325868,Minnesota
-93.26444348595373,47.93487935325868,Minnesota
-93.26444348595373,48.43487935325868,Minnesota
-92.76444348595373,29.934879353258676,Louisiana
-92.76444348595373,30.434879353258676,Louisiana
-92.76444348595373,30.934879353258676,Louisiana
-92.76444348595373,31.434879353258676,Louisiana
-92.76444348595373,31.934879353258676,Louisiana
-92.76444348595373,32.43487935325868,Louisiana
-92.76444348595373,32.93487935325868,Louisiana
-92.76444348595373,33.43487935325868,Arkansas
-92.76444348595373,33.93487935325868,Arkansas
-92.76444348595373,34.43487935325868,Arkansas
-92.76444348595373,34.93487935325868,Arkansas
-92.76444348595373,35.43487935325868,Arkansas
-92.76444348595373,35.93487935325868,Arkansas
-92.76444348595373,36.43487935325868,Arkansas
-92.76444348595373,36.93487935325868,Missouri
-92.76444348595373,37.43487935325868,Missouri
-92.76444348595373,37.93487935325868,Missouri
-92.76444348595373,38.43487935325868,Missouri
-92.76444348595373,38.93487935325868,Missouri
-92.76444348595373,39.43487935325868,Missouri
-92.76444348595373,39.93487935325868,Missouri
-92.76444348595373,40.43487935325868,Missouri
-92.76444348595373,40.93487935325868,Iowa
-92.76444348595373,41.43487935325868,Iowa
-92.76444348595373,41.93487935325868,Iowa
-92.76444348595373,42.43487935325868,Iowa
-92.76444348595373,42.93487935325868,Iowa
-92.76444348595373,43.43487935325868,Iowa
-92.76444348595373,43.93487935325868,Minnesota
-92.76444348595373,44.43487935325868,Minnesota
-92.76444348595373,44.93487935325868,Minnesota
-92.76444348595373,45.43487935325868,Minnesota
-92.76444348595373,45.93487935325868,Minnesota
-92.76444348595373,46.43487935325868,Minnesota
-92.76444348595373,46.93487935325868,Minnesota
-92.76444348595373,47.43487935325868,Minnesota
-92.76444348595373,47.93487935325868,Minnesota
-92.76444348595373,48.43487935325868,Minnesota
-92.26444348595373,29.934879353258676,Louisiana
-92.26444348595373,30.434879353258676,Louisiana
-92.26444348595373,30.934879353258676,Louisiana
-92.26444348595373,31.434879353258676,Louisiana
-92.26444348595373,31.934879353258676,Louisiana
-92.26444348595373,32.43487935325868,Louisiana
-92.26444348595373,32.93487935325868,Louisiana
-92.26444348595373,33.43487935325868,Arkansas
-92.26444348595373,33.93487935325868,Arkansas
-92.26444348595373,34.43487935325868,Arkansas
-92.26444348595373,34.93487935325868,Arkansas
-92.26444348595373,35.43487935325868,Arkansas
-92.26444348595373,35.93487935325868,Arkansas
-92.26444348595373,36.43487935325868,Arkansas
-92.26444348595373,36.93487935325868,Missouri
-92.26444348595373,37.43487935325868,Missouri
-92.26444348595373,37.93487935325868,Missouri
-92.26444348595373,38.43487935325868,Missouri
-92.26444348595373,38.93487935325868,Missouri
-92.26444348595373,39.43487935325868,Missouri
-92.26444348595373,39.93487935325868,Missouri
-92.26444348595373,40.43487935325868,Missouri
-92.26444348595373,40.93487935325868,Iowa
-92.26444348595373,41.43487935325868,Iowa
-92.26444348595373,41.93487935325868,Iowa
-92.26444348595373,42.43487935325868,Iowa
-92.26444348595373,42.93487935325868,Iowa
-92.26444348595373,43.43487935325868,Iowa
-92.26444348595373,43.93487935325868,Minnesota
-92.26444348595373,44.43487935325868,Minnesota
-92.26444348595373,44.93487935325868,Wisconsin
-92.26444348595373,45.43487935325868,Wisconsin
-92.26444348595373,45.93487935325868,Wisconsin
-92.26444348595373,46.43487935325868,Wisconsin
-92.26444348595373,46.93487935325868,Minnesota
-92.26444348595373,47.43487935325868,Minnesota
-92.26444348595373,47.93487935325868,Minnesota
-91.76444348595373,29.934879353258676,Louisiana
-91.76444348595373,30.434879353258676,Louisiana
-91.76444348595373,30.934879353258676,Louisiana
-91.76444348595373,31.434879353258676,Louisiana
-91.76444348595373,31.934879353258676,Louisiana
-91.76444348595373,32.43487935325868,Louisiana
-91.76444348595373,32.93487935325868,Louisiana
-91.76444348595373,33.43487935325868,Arkansas
-91.76444348595373,33.93487935325868,Arkansas
-91.76444348595373,34.43487935325868,Arkansas
-91.76444348595373,34.93487935325868,Arkansas
-91.76444348595373,35.43487935325868,Arkansas
-91.76444348595373,35.93487935325868,Arkansas
-91.76444348595373,36.43487935325868,Arkansas
-91.76444348595373,36.93487935325868,Missouri
-91.76444348595373,37.43487935325868,Missouri
-91.76444348595373,37.93487935325868,Missouri
-91.76444348595373,38.43487935325868,Missouri
-91.76444348595373,38.93487935325868,Missouri
-91.76444348595373,39.43487935325868,Missouri
-91.76444348595373,39.93487935325868,Missouri
-91.76444348595373,40.43487935325868,Missouri
-91.76444348595373,40.93487935325868,Iowa
-91.76444348595373,41.43487935325868,Iowa
-91.76444348595373,41.93487935325868,Iowa
-91.76444348595373,42.43487935325868,Iowa
-91.76444348595373,42.93487935325868,Iowa
-91.76444348595373,43.43487935325868,Iowa
-91.76444348595373,43.93487935325868,Minnesota
-91.76444348595373,44.43487935325868,Wisconsin
-91.76444348595373,44.93487935325868,Wisconsin
-91.76444348595373,45.43487935325868,Wisconsin
-91.76444348595373,45.93487935325868,Wisconsin
-91.76444348595373,46.43487935325868,Wisconsin
-91.76444348595373,47.43487935325868,Minnesota
-91.76444348595373,47.93487935325868,Minnesota
-91.26444348595373,29.934879353258676,Louisiana
-91.26444348595373,30.434879353258676,Louisiana
-91.26444348595373,30.934879353258676,Louisiana
-91.26444348595373,31.434879353258676,Mississippi
-91.26444348595373,31.934879353258676,Louisiana
-91.26444348595373,32.43487935325868,Louisiana
-91.26444348595373,32.93487935325868,Louisiana
-91.26444348595373,33.43487935325868,Arkansas
-91.26444348595373,33.93487935325868,Arkansas
-91.26444348595373,34.43487935325868,Arkansas
-91.26444348595373,34.93487935325868,Arkansas
-91.26444348595373,35.43487935325868,Arkansas
-91.26444348595373,35.93487935325868,Arkansas
-91.26444348595373,36.43487935325868,Arkansas
-91.26444348595373,36.93487935325868,Missouri
-91.26444348595373,37.43487935325868,Missouri
-91.26444348595373,37.93487935325868,Missouri
-91.26444348595373,38.43487935325868,Missouri
-91.26444348595373,38.93487935325868,Missouri
-91.26444348595373,39.43487935325868,Missouri
-91.26444348595373,39.93487935325868,Illinois
-91.26444348595373,40.43487935325868,Illinois
-91.26444348595373,40.93487935325868,Iowa
-91.26444348595373,41.43487935325868,Iowa
-91.26444348595373,41.93487935325868,Iowa
-91.26444348595373,42.43487935325868,Iowa
-91.26444348595373,42.93487935325868,Iowa
-91.26444348595373,43.43487935325868,Iowa
-91.26444348595373,43.93487935325868,Wisconsin
-91.26444348595373,44.43487935325868,Wisconsin
-91.26444348595373,44.93487935325868,Wisconsin
-91.26444348595373,45.43487935325868,Wisconsin
-91.26444348595373,45.93487935325868,Wisconsin
-91.26444348595373,46.43487935325868,Wisconsin
-91.26444348595373,47.43487935325868,Minnesota
-91.26444348595373,47.93487935325868,Minnesota
-90.76444348595373,29.434879353258676,Louisiana
-90.76444348595373,29.934879353258676,Louisiana
-90.76444348595373,30.434879353258676,Louisiana
-90.76444348595373,30.934879353258676,Louisiana
-90.76444348595373,31.434879353258676,Mississippi
-90.76444348595373,31.934879353258676,Mississippi
-90.76444348595373,32.43487935325868,Mississippi
-90.76444348595373,32.93487935325868,Mississippi
-90.76444348595373,33.43487935325868,Mississippi
-90.76444348595373,33.93487935325868,Mississippi
-90.76444348595373,34.43487935325868,Arkansas
-90.76444348595373,34.93487935325868,Arkansas
-90.76444348595373,35.43487935325868,Arkansas
-90.76444348595373,35.93487935325868,Arkansas
-90.76444348595373,36.43487935325868,Arkansas
-90.76444348595373,36.93487935325868,Missouri
-90.76444348595373,37.43487935325868,Missouri
-90.76444348595373,37.93487935325868,Missouri
-90.76444348595373,38.43487935325868,Missouri
-90.76444348595373,38.93487935325868,Missouri
-90.76444348595373,39.43487935325868,Illinois
-90.76444348595373,39.93487935325868,Illinois
-90.76444348595373,40.43487935325868,Illinois
-90.76444348595373,40.93487935325868,Illinois
-90.76444348595373,41.43487935325868,Illinois
-90.76444348595373,41.93487935325868,Iowa
-90.76444348595373,42.43487935325868,Iowa
-90.76444348595373,42.93487935325868,Wisconsin
-90.76444348595373,43.43487935325868,Wisconsin
-90.76444348595373,43.93487935325868,Wisconsin
-90.76444348595373,44.43487935325868,Wisconsin
-90.76444348595373,44.93487935325868,Wisconsin
-90.76444348595373,45.43487935325868,Wisconsin
-90.76444348595373,45.93487935325868,Wisconsin
-90.76444348595373,46.43487935325868,Wisconsin
-90.76444348595373,47.93487935325868,Minnesota
-90.26444348595373,29.434879353258676,Louisiana
-90.26444348595373,29.934879353258676,Louisiana
-90.26444348595373,30.434879353258676,Louisiana
-90.26444348595373,30.934879353258676,Louisiana
-90.26444348595373,31.434879353258676,Mississippi
-90.26444348595373,31.934879353258676,Mississippi
-90.26444348595373,32.43487935325868,Mississippi
-90.26444348595373,32.93487935325868,Mississippi
-90.26444348595373,33.43487935325868,Mississippi
-90.26444348595373,33.93487935325868,Mississippi
-90.26444348595373,34.43487935325868,Mississippi
-90.26444348595373,34.93487935325868,Arkansas
-90.26444348595373,35.43487935325868,Arkansas
-90.26444348595373,35.93487935325868,Arkansas
-90.26444348595373,36.43487935325868,Arkansas
-90.26444348595373,36.93487935325868,Missouri
-90.26444348595373,37.43487935325868,Missouri
-90.26444348595373,37.93487935325868,Missouri
-90.26444348595373,38.43487935325868,Illinois
-90.26444348595373,38.93487935325868,Illinois
-90.26444348595373,39.43487935325868,Illinois
-90.26444348595373,39.93487935325868,Illinois
-90.26444348595373,40.43487935325868,Illinois
-90.26444348595373,40.93487935325868,Illinois
-90.26444348595373,41.43487935325868,Illinois
-90.26444348595373,41.93487935325868,Iowa
-90.26444348595373,42.43487935325868,Illinois
-90.26444348595373,42.93487935325868,Wisconsin
-90.26444348595373,43.43487935325868,Wisconsin
-90.26444348595373,43.93487935325868,Wisconsin
-90.26444348595373,44.43487935325868,Wisconsin
-90.26444348595373,44.93487935325868,Wisconsin
-90.26444348595373,45.43487935325868,Wisconsin
-90.26444348595373,45.93487935325868,Wisconsin
-90.26444348595373,46.43487935325868,Wisconsin
-90.26444348595373,47.93487935325868,Minnesota
-89.76444348595373,29.434879353258676,Louisiana
-89.76444348595373,29.934879353258676,Louisiana
-89.76444348595373,30.434879353258676,Louisiana
-89.76444348595373,30.934879353258676,Louisiana
-89.76444348595373,31.434879353258676,Mississippi
-89.76444348595373,31.934879353258676,Mississippi
-89.76444348595373,32.43487935325868,Mississippi
-89.76444348595373,32.93487935325868,Mississippi
-89.76444348595373,33.43487935325868,Mississippi
-89.76444348595373,33.93487935325868,Mississippi
-89.76444348595373,34.43487935325868,Mississippi
-89.76444348595373,34.93487935325868,Mississippi
-89.76444348595373,35.43487935325868,Tennessee
-89.76444348595373,35.93487935325868,Arkansas
-89.76444348595373,36.43487935325868,Missouri
-89.76444348595373,36.93487935325868,Missouri
-89.76444348595373,37.43487935325868,Missouri
-89.76444348595373,37.93487935325868,Illinois
-89.76444348595373,38.43487935325868,Illinois
-89.76444348595373,38.93487935325868,Illinois
-89.76444348595373,39.43487935325868,Illinois
-89.76444348595373,39.93487935325868,Illinois
-89.76444348595373,40.43487935325868,Illinois
-89.76444348595373,40.93487935325868,Illinois
-89.76444348595373,41.43487935325868,Illinois
-89.76444348595373,41.93487935325868,Illinois
-89.76444348595373,42.43487935325868,Illinois
-89.76444348595373,42.93487935325868,Wisconsin
-89.76444348595373,43.43487935325868,Wisconsin
-89.76444348595373,43.93487935325868,Wisconsin
-89.76444348595373,44.43487935325868,Wisconsin
-89.76444348595373,44.93487935325868,Wisconsin
-89.76444348595373,45.43487935325868,Wisconsin
-89.76444348595373,45.93487935325868,Wisconsin
-89.76444348595373,46.43487935325868,Michigan
-89.76444348595373,47.93487935325868,Minnesota
-89.26444348595373,29.934879353258676,Louisiana
-89.26444348595373,30.434879353258676,Mississippi
-89.26444348595373,30.934879353258676,Mississippi
-89.26444348595373,31.434879353258676,Mississippi
-89.26444348595373,31.934879353258676,Mississippi
-89.26444348595373,32.43487935325868,Mississippi
-89.26444348595373,32.93487935325868,Mississippi
-89.26444348595373,33.43487935325868,Mississippi
-89.26444348595373,33.93487935325868,Mississippi
-89.26444348595373,34.43487935325868,Mississippi
-89.26444348595373,34.93487935325868,Mississippi
-89.26444348595373,35.43487935325868,Tennessee
-89.26444348595373,35.93487935325868,Tennessee
-89.26444348595373,36.43487935325868,Tennessee
-89.26444348595373,36.93487935325868,Missouri
-89.26444348595373,37.43487935325868,Illinois
-89.26444348595373,37.93487935325868,Illinois
-89.26444348595373,38.43487935325868,Illinois
-89.26444348595373,38.93487935325868,Illinois
-89.26444348595373,39.43487935325868,Illinois
-89.26444348595373,39.93487935325868,Illinois
-89.26444348595373,40.43487935325868,Illinois
-89.26444348595373,40.93487935325868,Illinois
-89.26444348595373,41.43487935325868,Illinois
-89.26444348595373,41.93487935325868,Illinois
-89.26444348595373,42.43487935325868,Illinois
-89.26444348595373,42.93487935325868,Wisconsin
-89.26444348595373,43.43487935325868,Wisconsin
-89.26444348595373,43.93487935325868,Wisconsin
-89.26444348595373,44.43487935325868,Wisconsin
-89.26444348595373,44.93487935325868,Wisconsin
-89.26444348595373,45.43487935325868,Wisconsin
-89.26444348595373,45.93487935325868,Wisconsin
-89.26444348595373,46.43487935325868,Michigan
-88.76444348595373,30.434879353258676,Mississippi
-88.76444348595373,30.934879353258676,Mississippi
-88.76444348595373,31.434879353258676,Mississippi
-88.76444348595373,31.934879353258676,Mississippi
-88.76444348595373,32.43487935325868,Mississippi
-88.76444348595373,32.93487935325868,Mississippi
-88.76444348595373,33.43487935325868,Mississippi
-88.76444348595373,33.93487935325868,Mississippi
-88.76444348595373,34.43487935325868,Mississippi
-88.76444348595373,34.93487935325868,Mississippi
-88.76444348595373,35.43487935325868,Tennessee
-88.76444348595373,35.93487935325868,Tennessee
-88.76444348595373,36.43487935325868,Tennessee
-88.76444348595373,36.93487935325868,Kentucky
-88.76444348595373,37.43487935325868,Illinois
-88.76444348595373,37.93487935325868,Illinois
-88.76444348595373,38.43487935325868,Illinois
-88.76444348595373,38.93487935325868,Illinois
-88.76444348595373,39.43487935325868,Illinois
-88.76444348595373,39.93487935325868,Illinois
-88.76444348595373,40.43487935325868,Illinois
-88.76444348595373,40.93487935325868,Illinois
-88.76444348595373,41.43487935325868,Illinois
-88.76444348595373,41.93487935325868,Illinois
-88.76444348595373,42.43487935325868,Illinois
-88.76444348595373,42.93487935325868,Wisconsin
-88.76444348595373,43.43487935325868,Wisconsin
-88.76444348595373,43.93487935325868,Wisconsin
-88.76444348595373,44.43487935325868,Wisconsin
-88.76444348595373,44.93487935325868,Wisconsin
-88.76444348595373,45.43487935325868,Wisconsin
-88.76444348595373,45.93487935325868,Wisconsin
-88.76444348595373,46.43487935325868,Michigan
-88.76444348595373,46.93487935325868,Michigan
-88.26444348595373,30.434879353258676,Alabama
-88.26444348595373,30.934879353258676,Alabama
-88.26444348595373,31.434879353258676,Alabama
-88.26444348595373,31.934879353258676,Alabama
-88.26444348595373,32.43487935325868,Alabama
-88.26444348595373,32.93487935325868,Alabama
-88.26444348595373,33.43487935325868,Alabama
-88.26444348595373,33.93487935325868,Mississippi
-88.26444348595373,34.43487935325868,Mississippi
-88.26444348595373,34.93487935325868,Mississippi
-88.26444348595373,35.43487935325868,Tennessee
-88.26444348595373,35.93487935325868,Tennessee
-88.26444348595373,36.43487935325868,Tennessee
-88.26444348595373,36.93487935325868,Kentucky
-88.26444348595373,37.43487935325868,Kentucky
-88.26444348595373,37.93487935325868,Illinois
-88.26444348595373,38.43487935325868,Illinois
-88.26444348595373,38.93487935325868,Illinois
-88.26444348595373,39.43487935325868,Illinois
-88.26444348595373,39.93487935325868,Illinois
-88.26444348595373,40.43487935325868,Illinois
-88.26444348595373,40.93487935325868,Illinois
-88.26444348595373,41.43487935325868,Illinois
-88.26444348595373,41.93487935325868,Illinois
-88.26444348595373,42.43487935325868,Illinois
-88.26444348595373,42.93487935325868,Wisconsin
-88.26444348595373,43.43487935325868,Wisconsin
-88.26444348595373,43.93487935325868,Wisconsin
-88.26444348595373,44.43487935325868,Wisconsin
-88.26444348595373,44.93487935325868,Wisconsin
-88.26444348595373,45.43487935325868,Wisconsin
-88.26444348595373,45.93487935325868,Wisconsin
-88.26444348595373,46.43487935325868,Michigan
-87.76444348595373,30.434879353258676,Alabama
-87.76444348595373,30.934879353258676,Alabama
-87.76444348595373,31.434879353258676,Alabama
-87.76444348595373,31.934879353258676,Alabama
-87.76444348595373,32.43487935325868,Alabama
-87.76444348595373,32.93487935325868,Alabama
-87.76444348595373,33.43487935325868,Alabama
-87.76444348595373,33.93487935325868,Alabama
-87.76444348595373,34.43487935325868,Alabama
-87.76444348595373,34.93487935325868,Alabama
-87.76444348595373,35.43487935325868,Tennessee
-87.76444348595373,35.93487935325868,Tennessee
-87.76444348595373,36.43487935325868,Tennessee
-87.76444348595373,36.93487935325868,Kentucky
-87.76444348595373,37.43487935325868,Kentucky
-87.76444348595373,37.93487935325868,Indiana
-87.76444348595373,38.43487935325868,Illinois
-87.76444348595373,38.93487935325868,Illinois
-87.76444348595373,39.43487935325868,Illinois
-87.76444348595373,39.93487935325868,Illinois
-87.76444348595373,40.43487935325868,Illinois
-87.76444348595373,40.93487935325868,Illinois
-87.76444348595373,41.43487935325868,Illinois
-87.76444348595373,41.93487935325868,Illinois
-87.76444348595373,43.93487935325868,Wisconsin
-87.76444348595373,44.43487935325868,Wisconsin
-87.76444348595373,45.43487935325868,Michigan
-87.76444348595373,45.93487935325868,Michigan
-87.76444348595373,46.43487935325868,Michigan
-87.76444348595373,47.43487935325868,Michigan
-87.26444348595373,30.434879353258676,Florida
-87.26444348595373,30.934879353258676,Florida
-87.26444348595373,31.434879353258676,Alabama
-87.26444348595373,31.934879353258676,Alabama
-87.26444348595373,32.43487935325868,Alabama
-87.26444348595373,32.93487935325868,Alabama
-87.26444348595373,33.43487935325868,Alabama
-87.26444348595373,33.93487935325868,Alabama
-87.26444348595373,34.43487935325868,Alabama
-87.26444348595373,34.93487935325868,Alabama
-87.26444348595373,35.43487935325868,Tennessee
-87.26444348595373,35.93487935325868,Tennessee
-87.26444348595373,36.43487935325868,Tennessee
-87.26444348595373,36.93487935325868,Kentucky
-87.26444348595373,37.43487935325868,Kentucky
-87.26444348595373,37.93487935325868,Indiana
-87.26444348595373,38.43487935325868,Indiana
-87.26444348595373,38.93487935325868,Indiana
-87.26444348595373,39.43487935325868,Indiana
-87.26444348595373,39.93487935325868,Indiana
-87.26444348595373,40.43487935325868,Indiana
-87.26444348595373,40.93487935325868,Indiana
-87.26444348595373,41.43487935325868,Indiana
-87.26444348595373,44.93487935325868,Wisconsin
-87.26444348595373,45.93487935325868,Michigan
-87.26444348595373,46.43487935325868,Michigan
-86.76444348595373,30.434879353258676,Florida
-86.76444348595373,30.934879353258676,Florida
-86.76444348595373,31.434879353258676,Alabama
-86.76444348595373,31.934879353258676,Alabama
-86.76444348595373,32.43487935325868,Alabama
-86.76444348595373,32.93487935325868,Alabama
-86.76444348595373,33.43487935325868,Alabama
-86.76444348595373,33.93487935325868,Alabama
-86.76444348595373,34.43487935325868,Alabama
-86.76444348595373,34.93487935325868,Alabama
-86.76444348595373,35.43487935325868,Tennessee
-86.76444348595373,35.93487935325868,Tennessee
-86.76444348595373,36.43487935325868,Tennessee
-86.76444348595373,36.93487935325868,Kentucky
-86.76444348595373,37.43487935325868,Kentucky
-86.76444348595373,37.93487935325868,Indiana
-86.76444348595373,38.43487935325868,Indiana
-86.76444348595373,38.93487935325868,Indiana
-86.76444348595373,39.43487935325868,Indiana
-86.76444348595373,39.93487935325868,Indiana
-86.76444348595373,40.43487935325868,Indiana
-86.76444348595373,40.93487935325868,Indiana
-86.76444348595373,41.43487935325868,Indiana
-86.76444348595373,45.93487935325868,Michigan
-86.76444348595373,46.43487935325868,Michigan
-86.26444348595373,30.434879353258676,Florida
-86.26444348595373,30.934879353258676,Florida
-86.26444348595373,31.434879353258676,Alabama
-86.26444348595373,31.934879353258676,Alabama
-86.26444348595373,32.43487935325868,Alabama
-86.26444348595373,32.93487935325868,Alabama
-86.26444348595373,33.43487935325868,Alabama
-86.26444348595373,33.93487935325868,Alabama
-86.26444348595373,34.43487935325868,Alabama
-86.26444348595373,34.93487935325868,Alabama
-86.26444348595373,35.43487935325868,Tennessee
-86.26444348595373,35.93487935325868,Tennessee
-86.26444348595373,36.43487935325868,Tennessee
-86.26444348595373,36.93487935325868,Kentucky
-86.26444348595373,37.43487935325868,Kentucky
-86.26444348595373,37.93487935325868,Kentucky
-86.26444348595373,38.43487935325868,Indiana
-86.26444348595373,38.93487935325868,Indiana
-86.26444348595373,39.43487935325868,Indiana
-86.26444348595373,39.93487935325868,Indiana
-86.26444348595373,40.43487935325868,Indiana
-86.26444348595373,40.93487935325868,Indiana
-86.26444348595373,41.43487935325868,Indiana
-86.26444348595373,41.93487935325868,Michigan
-86.26444348595373,42.43487935325868,Michigan
-86.26444348595373,43.43487935325868,Michigan
-86.26444348595373,43.93487935325868,Michigan
-86.26444348595373,46.43487935325868,Michigan
-85.76444348595373,30.434879353258676,Florida
-85.76444348595373,30.934879353258676,Florida
-85.76444348595373,31.434879353258676,Alabama
-85.76444348595373,31.934879353258676,Alabama
-85.76444348595373,32.43487935325868,Alabama
-85.76444348595373,32.93487935325868,Alabama
-85.76444348595373,33.43487935325868,Alabama
-85.76444348595373,33.93487935325868,Alabama
-85.76444348595373,34.43487935325868,Alabama
-85.76444348595373,34.93487935325868,Alabama
-85.76444348595373,35.43487935325868,Tennessee
-85.76444348595373,35.93487935325868,Tennessee
-85.76444348595373,36.43487935325868,Tennessee
-85.76444348595373,36.93487935325868,Kentucky
-85.76444348595373,37.43487935325868,Kentucky
-85.76444348595373,37.93487935325868,Kentucky
-85.76444348595373,38.43487935325868,Indiana
-85.76444348595373,38.93487935325868,Indiana
-85.76444348595373,39.43487935325868,Indiana
-85.76444348595373,39.93487935325868,Indiana
-85.76444348595373,40.43487935325868,Indiana
-85.76444348595373,40.93487935325868,Indiana
-85.76444348595373,41.43487935325868,Indiana
-85.76444348595373,41.93487935325868,Michigan
-85.76444348595373,42.43487935325868,Michigan
-85.76444348595373,42.93487935325868,Michigan
-85.76444348595373,43.43487935325868,Michigan
-85.76444348595373,43.93487935325868,Michigan
-85.76444348595373,44.43487935325868,Michigan
-85.76444348595373,44.93487935325868,Michigan
-85.76444348595373,46.43487935325868,Michigan
-85.26444348595373,29.934879353258676,Florida
-85.26444348595373,30.434879353258676,Florida
-85.26444348595373,30.934879353258676,Florida
-85.26444348595373,31.434879353258676,Alabama
-85.26444348595373,31.934879353258676,Alabama
-85.26444348595373,32.43487935325868,Alabama
-85.26444348595373,32.93487935325868,Alabama
-85.26444348595373,33.43487935325868,Georgia
-85.26444348595373,33.93487935325868,Georgia
-85.26444348595373,34.43487935325868,Georgia
-85.26444348595373,34.93487935325868,Georgia
-85.26444348595373,35.43487935325868,Tennessee
-85.26444348595373,35.93487935325868,Tennessee
-85.26444348595373,36.43487935325868,Tennessee
-85.26444348595373,36.93487935325868,Kentucky
-85.26444348595373,37.43487935325868,Kentucky
-85.26444348595373,37.93487935325868,Kentucky
-85.26444348595373,38.43487935325868,Kentucky
-85.26444348595373,38.93487935325868,Indiana
-85.26444348595373,39.43487935325868,Indiana
-85.26444348595373,39.93487935325868,Indiana
-85.26444348595373,40.43487935325868,Indiana
-85.26444348595373,40.93487935325868,Indiana
-85.26444348595373,41.43487935325868,Indiana
-85.26444348595373,41.93487935325868,Michigan
-85.26444348595373,42.43487935325868,Michigan
-85.26444348595373,42.93487935325868,Michigan
-85.26444348595373,43.43487935325868,Michigan
-85.26444348595373,43.93487935325868,Michigan
-85.26444348595373,44.43487935325868,Michigan
-85.26444348595373,44.93487935325868,Michigan
-85.26444348595373,46.43487935325868,Michigan
-84.76444348595373,29.934879353258676,Florida
-84.76444348595373,30.434879353258676,Florida
-84.76444348595373,30.934879353258676,Georgia
-84.76444348595373,31.434879353258676,Georgia
-84.76444348595373,31.934879353258676,Georgia
-84.76444348595373,32.43487935325868,Georgia
-84.76444348595373,32.93487935325868,Georgia
-84.76444348595373,33.43487935325868,Georgia
-84.76444348595373,33.93487935325868,Georgia
-84.76444348595373,34.43487935325868,Georgia
-84.76444348595373,34.93487935325868,Georgia
-84.76444348595373,35.43487935325868,Tennessee
-84.76444348595373,35.93487935325868,Tennessee
-84.76444348595373,36.43487935325868,Tennessee
-84.76444348595373,36.93487935325868,Kentucky
-84.76444348595373,37.43487935325868,Kentucky
-84.76444348595373,37.93487935325868,Kentucky
-84.76444348595373,38.43487935325868,Kentucky
-84.76444348595373,38.93487935325868,Kentucky
-84.76444348595373,39.43487935325868,Ohio
-84.76444348595373,39.93487935325868,Ohio
-84.76444348595373,40.43487935325868,Ohio
-84.76444348595373,40.93487935325868,Ohio
-84.76444348595373,41.43487935325868,Ohio
-84.76444348595373,41.93487935325868,Michigan
-84.76444348595373,42.43487935325868,Michigan
-84.76444348595373,42.93487935325868,Michigan
-84.76444348595373,43.43487935325868,Michigan
-84.76444348595373,43.93487935325868,Michigan
-84.76444348595373,44.43487935325868,Michigan
-84.76444348595373,44.93487935325868,Michigan
-84.76444348595373,45.43487935325868,Michigan
-84.76444348595373,45.93487935325868,Michigan
-84.76444348595373,46.43487935325868,Michigan
-84.26444348595373,30.434879353258676,Florida
-84.26444348595373,30.934879353258676,Georgia
-84.26444348595373,31.434879353258676,Georgia
-84.26444348595373,31.934879353258676,Georgia
-84.26444348595373,32.43487935325868,Georgia
-84.26444348595373,32.93487935325868,Georgia
-84.26444348595373,33.43487935325868,Georgia
-84.26444348595373,33.93487935325868,Georgia
-84.26444348595373,34.43487935325868,Georgia
-84.26444348595373,34.93487935325868,Georgia
-84.26444348595373,35.43487935325868,Tennessee
-84.26444348595373,35.93487935325868,Tennessee
-84.26444348595373,36.43487935325868,Tennessee
-84.26444348595373,36.93487935325868,Kentucky
-84.26444348595373,37.43487935325868,Kentucky
-84.26444348595373,37.93487935325868,Kentucky
-84.26444348595373,38.43487935325868,Kentucky
-84.26444348595373,38.93487935325868,Ohio
-84.26444348595373,39.43487935325868,Ohio
-84.26444348595373,39.93487935325868,Ohio
-84.26444348595373,40.43487935325868,Ohio
-84.26444348595373,40.93487935325868,Ohio
-84.26444348595373,41.43487935325868,Ohio
-84.26444348595373,41.93487935325868,Michigan
-84.26444348595373,42.43487935325868,Michigan
-84.26444348595373,42.93487935325868,Michigan
-84.26444348595373,43.43487935325868,Michigan
-84.26444348595373,43.93487935325868,Michigan
-84.26444348595373,44.43487935325868,Michigan
-84.26444348595373,44.93487935325868,Michigan
-84.26444348595373,45.43487935325868,Michigan
-84.26444348595373,46.43487935325868,Michigan
-83.76444348595373,30.434879353258676,Florida
-83.76444348595373,30.934879353258676,Georgia
-83.76444348595373,31.434879353258676,Georgia
-83.76444348595373,31.934879353258676,Georgia
-83.76444348595373,32.43487935325868,Georgia
-83.76444348595373,32.93487935325868,Georgia
-83.76444348595373,33.43487935325868,Georgia
-83.76444348595373,33.93487935325868,Georgia
-83.76444348595373,34.43487935325868,Georgia
-83.76444348595373,34.93487935325868,Georgia
-83.76444348595373,35.43487935325868,North Carolina
-83.76444348595373,35.93487935325868,Tennessee
-83.76444348595373,36.43487935325868,Tennessee
-83.76444348595373,36.93487935325868,Kentucky
-83.76444348595373,37.43487935325868,Kentucky
-83.76444348595373,37.93487935325868,Kentucky
-83.76444348595373,38.43487935325868,Kentucky
-83.76444348595373,38.93487935325868,Ohio
-83.76444348595373,39.43487935325868,Ohio
-83.76444348595373,39.93487935325868,Ohio
-83.76444348595373,40.43487935325868,Ohio
-83.76444348595373,40.93487935325868,Ohio
-83.76444348595373,41.43487935325868,Ohio
-83.76444348595373,41.93487935325868,Michigan
-83.76444348595373,42.43487935325868,Michigan
-83.76444348595373,42.93487935325868,Michigan
-83.76444348595373,43.43487935325868,Michigan
-83.76444348595373,44.43487935325868,Michigan
-83.76444348595373,44.93487935325868,Michigan
-83.26444348595373,29.934879353258676,Florida
-83.26444348595373,30.434879353258676,Florida
-83.26444348595373,30.934879353258676,Georgia
-83.26444348595373,31.434879353258676,Georgia
-83.26444348595373,31.934879353258676,Georgia
-83.26444348595373,32.43487935325868,Georgia
-83.26444348595373,32.93487935325868,Georgia
-83.26444348595373,33.43487935325868,Georgia
-83.26444348595373,33.93487935325868,Georgia
-83.26444348595373,34.43487935325868,Georgia
-83.26444348595373,34.93487935325868,Georgia
-83.26444348595373,35.43487935325868,North Carolina
-83.26444348595373,35.93487935325868,Tennessee
-83.26444348595373,36.43487935325868,Tennessee
-83.26444348595373,36.93487935325868,Kentucky
-83.26444348595373,37.43487935325868,Kentucky
-83.26444348595373,37.93487935325868,Kentucky
-83.26444348595373,38.43487935325868,Kentucky
-83.26444348595373,38.93487935325868,Ohio
-83.26444348595373,39.43487935325868,Ohio
-83.26444348595373,39.93487935325868,Ohio
-83.26444348595373,40.43487935325868,Ohio
-83.26444348595373,40.93487935325868,Ohio
-83.26444348595373,41.43487935325868,Ohio
-83.26444348595373,42.43487935325868,Michigan
-83.26444348595373,42.93487935325868,Michigan
-83.26444348595373,43.43487935325868,Michigan
-83.26444348595373,43.93487935325868,Michigan
-82.76444348595373,27.934879353258676,Florida
-82.76444348595373,29.434879353258676,Florida
-82.76444348595373,29.934879353258676,Florida
-82.76444348595373,30.434879353258676,Florida
-82.76444348595373,30.934879353258676,Georgia
-82.76444348595373,31.434879353258676,Georgia
-82.76444348595373,31.934879353258676,Georgia
-82.76444348595373,32.43487935325868,Georgia
-82.76444348595373,32.93487935325868,Georgia
-82.76444348595373,33.43487935325868,Georgia
-82.76444348595373,33.93487935325868,Georgia
-82.76444348595373,34.43487935325868,South Carolina
-82.76444348595373,34.93487935325868,South Carolina
-82.76444348595373,35.43487935325868,North Carolina
-82.76444348595373,35.93487935325868,North Carolina
-82.76444348595373,36.43487935325868,Tennessee
-82.76444348595373,36.93487935325868,Virginia
-82.76444348595373,37.43487935325868,Kentucky
-82.76444348595373,37.93487935325868,Kentucky
-82.76444348595373,38.43487935325868,Kentucky
-82.76444348595373,38.93487935325868,Ohio
-82.76444348595373,39.43487935325868,Ohio
-82.76444348595373,39.93487935325868,Ohio
-82.76444348595373,40.43487935325868,Ohio
-82.76444348595373,40.93487935325868,Ohio
-82.76444348595373,41.43487935325868,Ohio
-82.76444348595373,42.93487935325868,Michigan
-82.76444348595373,43.43487935325868,Michigan
-82.76444348595373,43.93487935325868,Michigan
-82.26444348595373,26.934879353258676,Florida
-82.26444348595373,27.434879353258676,Florida
-82.26444348595373,27.934879353258676,Florida
-82.26444348595373,28.434879353258676,Florida
-82.26444348595373,28.934879353258676,Florida
-82.26444348595373,29.434879353258676,Florida
-82.26444348595373,29.934879353258676,Florida
-82.26444348595373,30.434879353258676,Florida
-82.26444348595373,30.934879353258676,Georgia
-82.26444348595373,31.434879353258676,Georgia
-82.26444348595373,31.934879353258676,Georgia
-82.26444348595373,32.43487935325868,Georgia
-82.26444348595373,32.93487935325868,Georgia
-82.26444348595373,33.43487935325868,Georgia
-82.26444348595373,33.93487935325868,South Carolina
-82.26444348595373,34.43487935325868,South Carolina
-82.26444348595373,34.93487935325868,South Carolina
-82.26444348595373,35.43487935325868,North Carolina
-82.26444348595373,35.93487935325868,North Carolina
-82.26444348595373,36.43487935325868,Tennessee
-82.26444348595373,36.93487935325868,Virginia
-82.26444348595373,37.43487935325868,Kentucky
-82.26444348595373,37.93487935325868,West Virginia
-82.26444348595373,38.43487935325868,West Virginia
-82.26444348595373,38.93487935325868,Ohio
-82.26444348595373,39.43487935325868,Ohio
-82.26444348595373,39.93487935325868,Ohio
-82.26444348595373,40.43487935325868,Ohio
-82.26444348595373,40.93487935325868,Ohio
-81.76444348595373,26.434879353258676,Florida
-81.76444348595373,26.934879353258676,Florida
-81.76444348595373,27.434879353258676,Florida
-81.76444348595373,27.934879353258676,Florida
-81.76444348595373,28.434879353258676,Florida
-81.76444348595373,28.934879353258676,Florida
-81.76444348595373,29.434879353258676,Florida
-81.76444348595373,29.934879353258676,Florida
-81.76444348595373,30.434879353258676,Florida
-81.76444348595373,30.934879353258676,Georgia
-81.76444348595373,31.434879353258676,Georgia
-81.76444348595373,31.934879353258676,Georgia
-81.76444348595373,32.43487935325868,Georgia
-81.76444348595373,32.93487935325868,Georgia
-81.76444348595373,33.43487935325868,South Carolina
-81.76444348595373,33.93487935325868,South Carolina
-81.76444348595373,34.43487935325868,South Carolina
-81.76444348595373,34.93487935325868,South Carolina
-81.76444348595373,35.43487935325868,North Carolina
-81.76444348595373,35.93487935325868,North Carolina
-81.76444348595373,36.43487935325868,Tennessee
-81.76444348595373,36.93487935325868,Virginia
-81.76444348595373,37.43487935325868,West Virginia
-81.76444348595373,37.93487935325868,West Virginia
-81.76444348595373,38.43487935325868,West Virginia
-81.76444348595373,38.93487935325868,Ohio
-81.76444348595373,39.43487935325868,Ohio
-81.76444348595373,39.93487935325868,Ohio
-81.76444348595373,40.43487935325868,Ohio
-81.76444348595373,40.93487935325868,Ohio
-81.76444348595373,41.43487935325868,Ohio
-81.26444348595373,25.934879353258676,Florida
-81.26444348595373,26.434879353258676,Florida
-81.26444348595373,26.934879353258676,Florida
-81.26444348595373,27.434879353258676,Florida
-81.26444348595373,27.934879353258676,Florida
-81.26444348595373,28.434879353258676,Florida
-81.26444348595373,28.934879353258676,Florida
-81.26444348595373,29.434879353258676,Florida
-81.26444348595373,31.434879353258676,Georgia
-81.26444348595373,31.934879353258676,Georgia
-81.26444348595373,32.43487935325868,Georgia
-81.26444348595373,32.93487935325868,South Carolina
-81.26444348595373,33.43487935325868,South Carolina
-81.26444348595373,33.93487935325868,South Carolina
-81.26444348595373,34.43487935325868,South Carolina
-81.26444348595373,34.93487935325868,South Carolina
-81.26444348595373,35.43487935325868,North Carolina
-81.26444348595373,35.93487935325868,North Carolina
-81.26444348595373,36.43487935325868,North Carolina
-81.26444348595373,36.93487935325868,Virginia
-81.26444348595373,37.43487935325868,West Virginia
-81.26444348595373,37.93487935325868,West Virginia
-81.26444348595373,38.43487935325868,West Virginia
-81.26444348595373,38.93487935325868,West Virginia
-81.26444348595373,39.43487935325868,Ohio
-81.26444348595373,39.93487935325868,Ohio
-81.26444348595373,40.43487935325868,Ohio
-81.26444348595373,40.93487935325868,Ohio
-81.26444348595373,41.43487935325868,Ohio
-80.76444348595373,25.434879353258676,Florida
-80.76444348595373,25.934879353258676,Florida
-80.76444348595373,26.434879353258676,Florida
-80.76444348595373,26.934879353258676,Florida
-80.76444348595373,27.434879353258676,Florida
-80.76444348595373,27.934879353258676,Florida
-80.76444348595373,28.434879353258676,Florida
-80.76444348595373,32.43487935325868,South Carolina
-80.76444348595373,32.93487935325868,South Carolina
-80.76444348595373,33.43487935325868,South Carolina
-80.76444348595373,33.93487935325868,South Carolina
-80.76444348595373,34.43487935325868,South Carolina
-80.76444348595373,34.93487935325868,North Carolina
-80.76444348595373,35.43487935325868,North Carolina
-80.76444348595373,35.93487935325868,North Carolina
-80.76444348595373,36.43487935325868,North Carolina
-80.76444348595373,36.93487935325868,Virginia
-80.76444348595373,37.43487935325868,West Virginia
-80.76444348595373,37.93487935325868,West Virginia
-80.76444348595373,38.43487935325868,West Virginia
-80.76444348595373,38.93487935325868,West Virginia
-80.76444348595373,39.43487935325868,West Virginia
-80.76444348595373,39.93487935325868,Ohio
-80.76444348595373,40.43487935325868,Ohio
-80.76444348595373,40.93487935325868,Ohio
-80.76444348595373,41.43487935325868,Ohio
-80.26444348595373,25.934879353258676,Florida
-80.26444348595373,26.434879353258676,Florida
-80.26444348595373,26.934879353258676,Florida
-80.26444348595373,32.93487935325868,South Carolina
-80.26444348595373,33.43487935325868,South Carolina
-80.26444348595373,33.93487935325868,South Carolina
-80.26444348595373,34.43487935325868,South Carolina
-80.26444348595373,34.93487935325868,North Carolina
-80.26444348595373,35.43487935325868,North Carolina
-80.26444348595373,35.93487935325868,North Carolina
-80.26444348595373,36.43487935325868,North Carolina
-80.26444348595373,36.93487935325868,Virginia
-80.26444348595373,37.43487935325868,Virginia
-80.26444348595373,37.93487935325868,West Virginia
-80.26444348595373,38.43487935325868,West Virginia
-80.26444348595373,38.93487935325868,West Virginia
-80.26444348595373,39.43487935325868,West Virginia
-80.26444348595373,39.93487935325868,Pennsylvania
-80.26444348595373,40.43487935325868,Pennsylvania
-80.26444348595373,40.93487935325868,Pennsylvania
-80.26444348595373,41.43487935325868,Pennsylvania
-80.26444348595373,41.93487935325868,Pennsylvania
-79.76444348595373,32.93487935325868,South Carolina
-79.76444348595373,33.43487935325868,South Carolina
-79.76444348595373,33.93487935325868,South Carolina
-79.76444348595373,34.43487935325868,South Carolina
-79.76444348595373,34.93487935325868,North Carolina
-79.76444348595373,35.43487935325868,North Carolina
-79.76444348595373,35.93487935325868,North Carolina
-79.76444348595373,36.43487935325868,North Carolina
-79.76444348595373,36.93487935325868,Virginia
-79.76444348595373,37.43487935325868,Virginia
-79.76444348595373,37.93487935325868,Virginia
-79.76444348595373,38.43487935325868,West Virginia
-79.76444348595373,38.93487935325868,West Virginia
-79.76444348595373,39.43487935325868,West Virginia
-79.76444348595373,39.93487935325868,Pennsylvania
-79.76444348595373,40.43487935325868,Pennsylvania
-79.76444348595373,40.93487935325868,Pennsylvania
-79.76444348595373,41.43487935325868,Pennsylvania
-79.76444348595373,41.93487935325868,Pennsylvania
-79.26444348595373,33.43487935325868,South Carolina
-79.26444348595373,33.93487935325868,South Carolina
-79.26444348595373,34.43487935325868,South Carolina
-79.26444348595373,34.93487935325868,North Carolina
-79.26444348595373,35.43487935325868,North Carolina
-79.26444348595373,35.93487935325868,North Carolina
-79.26444348595373,36.43487935325868,North Carolina
-79.26444348595373,36.93487935325868,Virginia
-79.26444348595373,37.43487935325868,Virginia
-79.26444348595373,37.93487935325868,Virginia
-79.26444348595373,38.43487935325868,Virginia
-79.26444348595373,38.93487935325868,West Virginia
-79.26444348595373,39.43487935325868,Maryland
-79.26444348595373,39.93487935325868,Pennsylvania
-79.26444348595373,40.43487935325868,Pennsylvania
-79.26444348595373,40.93487935325868,Pennsylvania
-79.26444348595373,41.43487935325868,Pennsylvania
-79.26444348595373,41.93487935325868,Pennsylvania
-79.26444348595373,42.43487935325868,New York
-78.76444348595373,33.93487935325868,South Carolina
-78.76444348595373,34.43487935325868,North Carolina
-78.76444348595373,34.93487935325868,North Carolina
-78.76444348595373,35.43487935325868,North Carolina
-78.76444348595373,35.93487935325868,North Carolina
-78.76444348595373,36.43487935325868,North Carolina
-78.76444348595373,36.93487935325868,Virginia
-78.76444348595373,37.43487935325868,Virginia
-78.76444348595373,37.93487935325868,Virginia
-78.76444348595373,38.43487935325868,Virginia
-78.76444348595373,38.93487935325868,West Virginia
-78.76444348595373,39.43487935325868,West Virginia
-78.76444348595373,39.93487935325868,Pennsylvania
-78.76444348595373,40.43487935325868,Pennsylvania
-78.76444348595373,40.93487935325868,Pennsylvania
-78.76444348595373,41.43487935325868,Pennsylvania
-78.76444348595373,41.93487935325868,Pennsylvania
-78.76444348595373,42.43487935325868,New York
-78.76444348595373,42.93487935325868,New York
-78.26444348595373,33.93487935325868,North Carolina
-78.26444348595373,34.43487935325868,North Carolina
-78.26444348595373,34.93487935325868,North Carolina
-78.26444348595373,35.43487935325868,North Carolina
-78.26444348595373,35.93487935325868,North Carolina
-78.26444348595373,36.43487935325868,North Carolina
-78.26444348595373,36.93487935325868,Virginia
-78.26444348595373,37.43487935325868,Virginia
-78.26444348595373,37.93487935325868,Virginia
-78.26444348595373,38.43487935325868,Virginia
-78.26444348595373,38.93487935325868,Virginia
-78.26444348595373,39.43487935325868,West Virginia
-78.26444348595373,39.93487935325868,Pennsylvania
-78.26444348595373,40.43487935325868,Pennsylvania
-78.26444348595373,40.93487935325868,Pennsylvania
-78.26444348595373,41.43487935325868,Pennsylvania
-78.26444348595373,41.93487935325868,Pennsylvania
-78.26444348595373,42.43487935325868,New York
-78.26444348595373,42.93487935325868,New York
-77.76444348595373,34.43487935325868,North Carolina
-77.76444348595373,34.93487935325868,North Carolina
-77.76444348595373,35.43487935325868,North Carolina
-77.76444348595373,35.93487935325868,North Carolina
-77.76444348595373,36.43487935325868,North Carolina
-77.76444348595373,36.93487935325868,Virginia
-77.76444348595373,37.43487935325868,Virginia
-77.76444348595373,37.93487935325868,Virginia
-77.76444348595373,38.43487935325868,Virginia
-77.76444348595373,38.93487935325868,Virginia
-77.76444348595373,39.43487935325868,Maryland
-77.76444348595373,39.93487935325868,Pennsylvania
-77.76444348595373,40.43487935325868,Pennsylvania
-77.76444348595373,40.93487935325868,Pennsylvania
-77.76444348595373,41.43487935325868,Pennsylvania
-77.76444348595373,41.93487935325868,Pennsylvania
-77.76444348595373,42.43487935325868,New York
-77.76444348595373,42.93487935325868,New York
-77.26444348595373,34.93487935325868,North Carolina
-77.26444348595373,35.43487935325868,North Carolina
-77.26444348595373,35.93487935325868,North Carolina
-77.26444348595373,36.43487935325868,North Carolina
-77.26444348595373,36.93487935325868,Virginia
-77.26444348595373,37.43487935325868,Virginia
-77.26444348595373,37.93487935325868,Virginia
-77.26444348595373,38.93487935325868,Virginia
-77.26444348595373,39.43487935325868,Maryland
-77.26444348595373,39.93487935325868,Pennsylvania
-77.26444348595373,40.43487935325868,Pennsylvania
-77.26444348595373,40.93487935325868,Pennsylvania
-77.26444348595373,41.43487935325868,Pennsylvania
-77.26444348595373,41.93487935325868,Pennsylvania
-77.26444348595373,42.43487935325868,New York
-77.26444348595373,42.93487935325868,New York
-76.76444348595373,34.93487935325868,North Carolina
-76.76444348595373,35.43487935325868,North Carolina
-76.76444348595373,35.93487935325868,North Carolina
-76.76444348595373,36.43487935325868,North Carolina
-76.76444348595373,36.93487935325868,Virginia
-76.76444348595373,37.43487935325868,Virginia
-76.76444348595373,37.93487935325868,Virginia
-76.76444348595373,38.43487935325868,Maryland
-76.76444348595373,38.93487935325868,Maryland
-76.76444348595373,39.43487935325868,Maryland
-76.76444348595373,39.93487935325868,Pennsylvania
-76.76444348595373,40.43487935325868,Pennsylvania
-76.76444348595373,40.93487935325868,Pennsylvania
-76.76444348595373,41.43487935325868,Pennsylvania
-76.76444348595373,41.93487935325868,Pennsylvania
-76.76444348595373,42.43487935325868,New York
-76.76444348595373,42.93487935325868,New York
-76.26444348595373,35.43487935325868,North Carolina
-76.26444348595373,35.93487935325868,North Carolina
-76.26444348595373,36.43487935325868,North Carolina
-76.26444348595373,36.93487935325868,Virginia
-76.26444348595373,37.43487935325868,Virginia
-76.26444348595373,38.43487935325868,Maryland
-76.26444348595373,38.93487935325868,Maryland
-76.26444348595373,39.43487935325868,Maryland
-76.26444348595373,39.93487935325868,Pennsylvania
-76.26444348595373,40.43487935325868,Pennsylvania
-76.26444348595373,40.93487935325868,Pennsylvania
-76.26444348595373,41.43487935325868,Pennsylvania
-76.26444348595373,41.93487935325868,Pennsylvania
-76.26444348595373,42.43487935325868,New York
-76.26444348595373,42.93487935325868,New York
-76.26444348595373,43.43487935325868,New York
-75.76444348595373,38.43487935325868,Maryland
-75.76444348595373,38.93487935325868,Maryland
-75.76444348595373,39.43487935325868,Delaware
-75.76444348595373,39.93487935325868,Pennsylvania
-75.76444348595373,40.43487935325868,Pennsylvania
-75.76444348595373,40.93487935325868,Pennsylvania
-75.76444348595373,41.43487935325868,Pennsylvania
-75.76444348595373,41.93487935325868,Pennsylvania
-75.76444348595373,42.43487935325868,New York
-75.76444348595373,42.93487935325868,New York
-75.76444348595373,43.43487935325868,New York
-75.76444348595373,43.93487935325868,New York
-75.76444348595373,44.43487935325868,New York
-75.26444348595373,38.43487935325868,Maryland
-75.26444348595373,39.43487935325868,New Jersey
-75.26444348595373,39.93487935325868,Pennsylvania
-75.26444348595373,40.43487935325868,Pennsylvania
-75.26444348595373,40.93487935325868,Pennsylvania
-75.26444348595373,41.43487935325868,Pennsylvania
-75.26444348595373,41.93487935325868,New York
-75.26444348595373,42.43487935325868,New York
-75.26444348595373,42.93487935325868,New York
-75.26444348595373,43.43487935325868,New York
-75.26444348595373,43.93487935325868,New York
-75.26444348595373,44.43487935325868,New York
-74.76444348595373,39.43487935325868,New Jersey
-74.76444348595373,39.93487935325868,New Jersey
-74.76444348595373,40.43487935325868,New Jersey
-74.76444348595373,40.93487935325868,New Jersey
-74.76444348595373,41.43487935325868,New York
-74.76444348595373,41.93487935325868,New York
-74.76444348595373,42.43487935325868,New York
-74.76444348595373,42.93487935325868,New York
-74.76444348595373,43.43487935325868,New York
-74.76444348595373,43.93487935325868,New York
-74.76444348595373,44.43487935325868,New York
-74.76444348595373,44.93487935325868,New York
-74.26444348595373,39.93487935325868,New Jersey
-74.26444348595373,40.43487935325868,New Jersey
-74.26444348595373,40.93487935325868,New Jersey
-74.26444348595373,41.43487935325868,New York
-74.26444348595373,41.93487935325868,New York
-74.26444348595373,42.43487935325868,New York
-74.26444348595373,42.93487935325868,New York
-74.26444348595373,43.43487935325868,New York
-74.26444348595373,43.93487935325868,New York
-74.26444348595373,44.43487935325868,New York
-74.26444348595373,44.93487935325868,New York
-73.76444348595373,40.93487935325868,New York
-73.76444348595373,41.43487935325868,New York
-73.76444348595373,41.93487935325868,New York
-73.76444348595373,42.43487935325868,New York
-73.76444348595373,42.93487935325868,New York
-73.76444348595373,43.43487935325868,New York
-73.76444348595373,43.93487935325868,New York
-73.76444348595373,44.43487935325868,New York
-73.76444348595373,44.93487935325868,New York
-73.26444348595373,41.43487935325868,Connecticut
-73.26444348595373,41.93487935325868,Connecticut
-73.26444348595373,42.43487935325868,Massachusetts
-73.26444348595373,42.93487935325868,Vermont
-73.26444348595373,43.43487935325868,New York
-73.26444348595373,43.93487935325868,Vermont
-73.26444348595373,44.43487935325868,Vermont
-73.26444348595373,44.93487935325868,Vermont
-72.76444348595373,40.93487935325868,New York
-72.76444348595373,41.43487935325868,Connecticut
-72.76444348595373,41.93487935325868,Connecticut
-72.76444348595373,42.43487935325868,Massachusetts
-72.76444348595373,42.93487935325868,Vermont
-72.76444348595373,43.43487935325868,Vermont
-72.76444348595373,43.93487935325868,Vermont
-72.76444348595373,44.43487935325868,Vermont
-72.76444348595373,44.93487935325868,Vermont
-72.26444348595373,40.93487935325868,New York
-72.26444348595373,41.43487935325868,Connecticut
-72.26444348595373,41.93487935325868,Connecticut
-72.26444348595373,42.43487935325868,Massachusetts
-72.26444348595373,42.93487935325868,New Hampshire
-72.26444348595373,43.43487935325868,New Hampshire
-72.26444348595373,43.93487935325868,Vermont
-72.26444348595373,44.43487935325868,Vermont
-72.26444348595373,44.93487935325868,Vermont
-71.76444348595373,41.43487935325868,Rhode Island
-71.76444348595373,41.93487935325868,Rhode Island
-71.76444348595373,42.43487935325868,Massachusetts
-71.76444348595373,42.93487935325868,New Hampshire
-71.76444348595373,43.43487935325868,New Hampshire
-71.76444348595373,43.93487935325868,New Hampshire
-71.76444348595373,44.43487935325868,Vermont
-71.76444348595373,44.93487935325868,Vermont
-71.26444348595373,41.93487935325868,Massachusetts
-71.26444348595373,42.43487935325868,Massachusetts
-71.26444348595373,42.93487935325868,New Hampshire
-71.26444348595373,43.43487935325868,New Hampshire
-71.26444348595373,43.93487935325868,New Hampshire
-71.26444348595373,44.43487935325868,New Hampshire
-71.26444348595373,44.93487935325868,New Hampshire
-70.76444348595373,41.93487935325868,Massachusetts
-70.76444348595373,43.43487935325868,Maine
-70.76444348595373,43.93487935325868,Maine
-70.76444348595373,44.43487935325868,Maine
-70.76444348595373,44.93487935325868,Maine
-70.26444348595373,43.93487935325868,Maine
-70.26444348595373,44.43487935325868,Maine
-70.26444348595373,44.93487935325868,Maine
-70.26444348595373,45.43487935325868,Maine
-69.76444348595373,43.93487935325868,Maine
-69.76444348595373,44.43487935325868,Maine
-69.76444348595373,44.93487935325868,Maine
-69.76444348595373,45.43487935325868,Maine
-69.76444348595373,45.93487935325868,Maine
-69.76444348595373,46.43487935325868,Maine
-69.26444348595373,43.93487935325868,Maine
-69.26444348595373,44.43487935325868,Maine
-69.26444348595373,44.93487935325868,Maine
-69.26444348595373,45.43487935325868,Maine
-69.26444348595373,45.93487935325868,Maine
-69.26444348595373,46.43487935325868,Maine
-69.26444348595373,46.93487935325868,Maine
-68.76444348595373,44.43487935325868,Maine
-68.76444348595373,44.93487935325868,Maine
-68.76444348595373,45.43487935325868,Maine
-68.76444348595373,45.93487935325868,Maine
-68.76444348595373,46.43487935325868,Maine
-68.76444348595373,46.93487935325868,Maine
-68.26444348595373,44.43487935325868,Maine
-68.26444348595373,44.93487935325868,Maine
-68.26444348595373,45.43487935325868,Maine
-68.26444348595373,45.93487935325868,Maine
-68.26444348595373,46.43487935325868,Maine
-68.26444348595373,46.93487935325868,Maine
-67.76444348595373,44.93487935325868,Maine
-67.76444348595373,45.43487935325868,Maine
-67.26444348595373,44.93487935325868,Maine
